EmployeeID,EnvironmentSatisfaction,JobSatisfaction,WorkLifeBalance
1,3.0,4.0,2.0
2,3.0,2.0,4.0
3,2.0,2.0,1.0
4,4.0,4.0,3.0
5,4.0,1.0,3.0
6,3.0,2.0,2.0
7,1.0,3.0,1.0
8,1.0,2.0,3.0
9,2.0,4.0,3.0
10,2.0,1.0,3.0
11,3.0,4.0,3.0
12,3.0,4.0,3.0
13,4.0,1.0,3.0
14,1.0,2.0,2.0
15,4.0,4.0,2.0
16,3.0,4.0,4.0
17,4.0,3.0,4.0
18,1.0,4.0,3.0
19,2.0,2.0,2.0
20,1.0,1.0,3.0
21,3.0,2.0,1.0
22,1.0,2.0,2.0
23,3.0,3.0,2.0
24,2.0,3.0,3.0
25,2.0,4.0,2.0
26,2.0,4.0,3.0
27,1.0,1.0,3.0
28,4.0,4.0,3.0
29,4.0,3.0,1.0
30,4.0,4.0,3.0
31,1.0,2.0,3.0
32,4.0,4.0,3.0
33,3.0,1.0,3.0
34,3.0,2.0,3.0
35,4.0,2.0,2.0
36,4.0,4.0,3.0
37,2.0,4.0,2.0
38,3.0,2.0,4.0
39,3.0,3.0,3.0
40,3.0,2.0,2.0
41,3.0,3.0,3.0
42,4.0,2.0,3.0
43,4.0,2.0,3.0
44,4.0,3.0,3.0
45,2.0,1.0,3.0
46,2.0,4.0,2.0
47,3.0,4.0,2.0
48,2.0,2.0,3.0
49,4.0,3.0,2.0
50,1.0,2.0,3.0
51,4.0,3.0,3.0
52,3.0,4.0,3.0
53,1.0,1.0,3.0
54,1.0,1.0,3.0
55,3.0,4.0,1.0
56,4.0,2.0,3.0
57,3.0,1.0,3.0
58,3.0,4.0,3.0
59,3.0,3.0,3.0
60,3.0,2.0,2.0
61,3.0,2.0,2.0
62,3.0,2.0,3.0
63,4.0,3.0,3.0
64,4.0,4.0,3.0
65,1.0,4.0,2.0
66,1.0,4.0,2.0
67,4.0,4.0,3.0
68,3.0,3.0,3.0
69,3.0,4.0,3.0
70,4.0,3.0,2.0
71,2.0,4.0,2.0
72,4.0,3.0,3.0
73,3.0,3.0,4.0
74,3.0,2.0,3.0
75,4.0,3.0,2.0
76,3.0,1.0,2.0
77,4.0,4.0,3.0
78,2.0,4.0,2.0
79,2.0,1.0,2.0
80,2.0,4.0,3.0
81,4.0,3.0,3.0
82,2.0,2.0,3.0
83,4.0,4.0,2.0
84,3.0,4.0,3.0
85,3.0,4.0,3.0
86,4.0,2.0,3.0
87,3.0,2.0,3.0
88,3.0,4.0,2.0
89,4.0,2.0,3.0
90,2.0,3.0,3.0
91,1.0,4.0,3.0
92,4.0,3.0,2.0
93,3.0,3.0,3.0
94,3.0,2.0,3.0
95,1.0,3.0,1.0
96,3.0,1.0,3.0
97,4.0,3.0,4.0
98,3.0,3.0,3.0
99,1.0,4.0,3.0
100,1.0,2.0,3.0
101,4.0,4.0,3.0
102,1.0,4.0,3.0
103,4.0,3.0,3.0
104,4.0,3.0,3.0
105,1.0,4.0,2.0
106,4.0,3.0,3.0
107,3.0,1.0,3.0
108,3.0,3.0,4.0
109,1.0,2.0,3.0
110,4.0,4.0,3.0
111,3.0,3.0,3.0
112,3.0,2.0,3.0
113,3.0,2.0,3.0
114,4.0,4.0,3.0
115,3.0,2.0,3.0
116,4.0,2.0,3.0
117,2.0,4.0,3.0
118,2.0,3.0,3.0
119,3.0,4.0,2.0
120,4.0,3.0,3.0
121,1.0,4.0,2.0
122,3.0,4.0,3.0
123,4.0,3.0,4.0
124,3.0,2.0,3.0
125,3.0,3.0,3.0
126,1.0,2.0,3.0
127,2.0,3.0,3.0
128,3.0,4.0,3.0
129,4.0,1.0,2.0
130,4.0,2.0,3.0
131,2.0,1.0,3.0
132,3.0,2.0,2.0
133,1.0,2.0,3.0
134,2.0,3.0,3.0
135,1.0,1.0,2.0
136,3.0,3.0,3.0
137,2.0,1.0,1.0
138,4.0,4.0,3.0
139,3.0,3.0,3.0
140,2.0,4.0,3.0
141,2.0,3.0,3.0
142,4.0,1.0,3.0
143,2.0,3.0,3.0
144,3.0,1.0,2.0
145,2.0,3.0,3.0
146,2.0,1.0,3.0
147,3.0,1.0,3.0
148,1.0,1.0,3.0
149,4.0,3.0,3.0
150,1.0,4.0,2.0
151,4.0,4.0,1.0
152,1.0,3.0,3.0
153,3.0,4.0,3.0
154,1.0,1.0,1.0
155,3.0,3.0,2.0
156,4.0,4.0,4.0
157,1.0,2.0,3.0
158,4.0,3.0,2.0
159,4.0,4.0,3.0
160,3.0,3.0,3.0
161,1.0,4.0,1.0
162,3.0,4.0,1.0
163,2.0,3.0,3.0
164,3.0,2.0,4.0
165,1.0,4.0,4.0
166,3.0,1.0,3.0
167,1.0,4.0,2.0
168,2.0,3.0,3.0
169,3.0,4.0,2.0
170,3.0,1.0,4.0
171,1.0,4.0,3.0
172,1.0,3.0,1.0
173,4.0,3.0,3.0
174,3.0,3.0,3.0
175,4.0,3.0,3.0
176,3.0,4.0,3.0
177,3.0,2.0,4.0
178,2.0,3.0,4.0
179,1.0,4.0,3.0
180,4.0,2.0,3.0
181,4.0,3.0,3.0
182,1.0,3.0,3.0
183,2.0,1.0,3.0
184,2.0,3.0,3.0
185,2.0,4.0,2.0
186,3.0,3.0,3.0
187,2.0,4.0,3.0
188,1.0,2.0,3.0
189,4.0,4.0,3.0
190,2.0,3.0,3.0
191,2.0,3.0,3.0
192,3.0,3.0,3.0
193,2.0,4.0,4.0
194,4.0,1.0,2.0
195,4.0,2.0,4.0
196,3.0,3.0,2.0
197,4.0,4.0,4.0
198,1.0,3.0,3.0
199,3.0,4.0,2.0
200,2.0,2.0,3.0
201,3.0,1.0,3.0
202,1.0,3.0,3.0
203,1.0,3.0,3.0
204,1.0,3.0,3.0
205,4.0,4.0,3.0
206,3.0,4.0,1.0
207,2.0,4.0,4.0
208,1.0,3.0,2.0
209,2.0,1.0,3.0
210,1.0,2.0,3.0
211,4.0,1.0,3.0
212,4.0,3.0,3.0
213,4.0,4.0,3.0
214,3.0,3.0,3.0
215,2.0,2.0,2.0
216,4.0,3.0,3.0
217,2.0,4.0,3.0
218,1.0,2.0,4.0
219,4.0,2.0,3.0
220,1.0,2.0,3.0
221,2.0,3.0,3.0
222,1.0,3.0,3.0
223,2.0,1.0,4.0
224,2.0,4.0,3.0
225,2.0,1.0,1.0
226,1.0,4.0,3.0
227,1.0,4.0,4.0
228,1.0,3.0,2.0
229,4.0,3.0,2.0
230,4.0,2.0,4.0
231,3.0,4.0,3.0
232,2.0,4.0,2.0
233,3.0,1.0,2.0
234,4.0,3.0,3.0
235,4.0,1.0,1.0
236,1.0,3.0,4.0
237,3.0,3.0,3.0
238,3.0,1.0,3.0
239,3.0,3.0,3.0
240,4.0,4.0,4.0
241,1.0,3.0,3.0
242,3.0,3.0,3.0
243,1.0,4.0,2.0
244,3.0,3.0,3.0
245,4.0,1.0,4.0
246,2.0,4.0,2.0
247,1.0,1.0,3.0
248,3.0,4.0,3.0
249,3.0,3.0,3.0
250,2.0,3.0,2.0
251,2.0,4.0,3.0
252,3.0,4.0,1.0
253,3.0,2.0,4.0
254,2.0,2.0,3.0
255,1.0,4.0,3.0
256,4.0,3.0,3.0
257,1.0,1.0,3.0
258,3.0,3.0,3.0
259,1.0,1.0,4.0
260,4.0,2.0,3.0
261,4.0,4.0,3.0
262,2.0,4.0,3.0
263,2.0,2.0,3.0
264,4.0,4.0,3.0
265,4.0,4.0,3.0
266,4.0,3.0,3.0
267,4.0,2.0,4.0
268,1.0,3.0,3.0
269,4.0,3.0,3.0
270,4.0,4.0,2.0
271,2.0,3.0,3.0
272,2.0,4.0,2.0
273,3.0,1.0,3.0
274,3.0,4.0,3.0
275,4.0,1.0,3.0
276,4.0,1.0,3.0
277,3.0,3.0,3.0
278,2.0,4.0,2.0
279,1.0,1.0,3.0
280,4.0,1.0,2.0
281,4.0,3.0,3.0
282,4.0,2.0,3.0
283,1.0,2.0,3.0
284,1.0,1.0,3.0
285,3.0,3.0,4.0
286,1.0,3.0,3.0
287,4.0,3.0,2.0
288,3.0,4.0,2.0
289,3.0,3.0,3.0
290,3.0,3.0,3.0
291,4.0,4.0,3.0
292,2.0,3.0,3.0
293,2.0,1.0,4.0
294,3.0,2.0,1.0
295,3.0,4.0,2.0
296,4.0,4.0,2.0
297,4.0,1.0,1.0
298,4.0,2.0,3.0
299,4.0,4.0,3.0
300,4.0,1.0,4.0
301,3.0,4.0,3.0
302,4.0,3.0,1.0
303,2.0,1.0,3.0
304,3.0,1.0,4.0
305,4.0,4.0,2.0
306,3.0,4.0,2.0
307,2.0,3.0,3.0
308,1.0,3.0,3.0
309,2.0,3.0,3.0
310,4.0,4.0,3.0
311,4.0,1.0,3.0
312,1.0,1.0,3.0
313,4.0,4.0,3.0
314,1.0,3.0,3.0
315,2.0,3.0,2.0
316,4.0,1.0,2.0
317,2.0,4.0,3.0
318,4.0,1.0,3.0
319,3.0,4.0,3.0
320,4.0,1.0,2.0
321,1.0,1.0,3.0
322,3.0,1.0,3.0
323,1.0,4.0,2.0
324,4.0,3.0,3.0
325,3.0,2.0,3.0
326,3.0,1.0,3.0
327,2.0,4.0,2.0
328,3.0,1.0,3.0
329,3.0,2.0,3.0
330,4.0,3.0,3.0
331,3.0,3.0,3.0
332,2.0,1.0,3.0
333,3.0,3.0,4.0
334,1.0,1.0,3.0
335,3.0,4.0,2.0
336,3.0,2.0,3.0
337,3.0,3.0,3.0
338,4.0,2.0,3.0
339,4.0,3.0,3.0
340,4.0,4.0,3.0
341,3.0,3.0,2.0
342,3.0,2.0,3.0
343,3.0,3.0,3.0
344,1.0,3.0,3.0
345,3.0,4.0,2.0
346,2.0,3.0,3.0
347,2.0,2.0,2.0
348,1.0,1.0,2.0
349,3.0,4.0,3.0
350,3.0,4.0,4.0
351,3.0,4.0,2.0
352,2.0,1.0,3.0
353,3.0,4.0,3.0
354,3.0,3.0,4.0
355,2.0,2.0,3.0
356,3.0,4.0,1.0
357,3.0,3.0,3.0
358,4.0,4.0,2.0
359,1.0,3.0,2.0
360,4.0,2.0,2.0
361,1.0,1.0,2.0
362,1.0,1.0,3.0
363,3.0,1.0,2.0
364,2.0,4.0,2.0
365,2.0,4.0,2.0
366,2.0,4.0,2.0
367,1.0,4.0,3.0
368,4.0,1.0,3.0
369,3.0,3.0,2.0
370,3.0,4.0,3.0
371,4.0,3.0,3.0
372,2.0,4.0,3.0
373,4.0,4.0,1.0
374,1.0,4.0,2.0
375,2.0,4.0,3.0
376,1.0,1.0,3.0
377,3.0,1.0,3.0
378,4.0,3.0,3.0
379,4.0,2.0,2.0
380,4.0,4.0,3.0
381,3.0,1.0,4.0
382,3.0,1.0,3.0
383,1.0,4.0,2.0
384,2.0,2.0,3.0
385,2.0,2.0,3.0
386,3.0,4.0,2.0
387,4.0,4.0,3.0
388,2.0,3.0,3.0
389,1.0,4.0,3.0
390,4.0,2.0,3.0
391,3.0,4.0,3.0
392,4.0,4.0,3.0
393,4.0,4.0,2.0
394,3.0,4.0,3.0
395,1.0,2.0,3.0
396,1.0,1.0,3.0
397,4.0,4.0,3.0
398,4.0,2.0,4.0
399,1.0,4.0,1.0
400,1.0,4.0,3.0
401,2.0,1.0,3.0
402,1.0,4.0,3.0
403,4.0,4.0,2.0
404,1.0,2.0,4.0
405,3.0,3.0,2.0
406,3.0,4.0,2.0
407,3.0,4.0,2.0
408,4.0,4.0,2.0
409,2.0,3.0,4.0
410,2.0,4.0,2.0
411,3.0,3.0,3.0
412,4.0,1.0,1.0
413,2.0,3.0,3.0
414,2.0,2.0,3.0
415,3.0,3.0,3.0
416,3.0,1.0,3.0
417,3.0,2.0,3.0
418,2.0,3.0,4.0
419,4.0,4.0,1.0
420,1.0,2.0,2.0
421,4.0,3.0,2.0
422,4.0,3.0,2.0
423,2.0,4.0,3.0
424,4.0,1.0,3.0
425,3.0,2.0,3.0
426,3.0,2.0,3.0
427,1.0,2.0,2.0
428,3.0,1.0,3.0
429,4.0,1.0,3.0
430,3.0,3.0,3.0
431,4.0,2.0,4.0
432,1.0,1.0,3.0
433,4.0,4.0,1.0
434,4.0,2.0,3.0
435,3.0,1.0,4.0
436,3.0,4.0,3.0
437,2.0,4.0,3.0
438,1.0,3.0,1.0
439,3.0,2.0,2.0
440,3.0,4.0,3.0
441,3.0,3.0,3.0
442,4.0,4.0,2.0
443,4.0,3.0,3.0
444,3.0,3.0,4.0
445,3.0,3.0,4.0
446,3.0,4.0,3.0
447,4.0,4.0,3.0
448,1.0,3.0,3.0
449,2.0,2.0,2.0
450,3.0,3.0,4.0
451,1.0,4.0,3.0
452,3.0,1.0,3.0
453,4.0,3.0,3.0
454,4.0,1.0,3.0
455,2.0,4.0,3.0
456,4.0,4.0,3.0
457,4.0,4.0,2.0
458,3.0,2.0,3.0
459,1.0,3.0,4.0
460,3.0,2.0,3.0
461,4.0,1.0,3.0
462,4.0,4.0,3.0
463,1.0,3.0,3.0
464,4.0,3.0,3.0
465,3.0,3.0,2.0
466,4.0,3.0,3.0
467,4.0,3.0,3.0
468,3.0,2.0,1.0
469,3.0,1.0,3.0
470,2.0,4.0,3.0
471,3.0,3.0,3.0
472,3.0,3.0,2.0
473,2.0,1.0,2.0
474,4.0,1.0,3.0
475,2.0,2.0,3.0
476,4.0,4.0,3.0
477,2.0,1.0,2.0
478,1.0,3.0,3.0
479,3.0,3.0,3.0
480,4.0,3.0,3.0
481,4.0,4.0,3.0
482,1.0,4.0,3.0
483,2.0,4.0,2.0
484,4.0,3.0,3.0
485,1.0,4.0,3.0
486,3.0,4.0,3.0
487,1.0,2.0,1.0
488,3.0,2.0,3.0
489,2.0,3.0,3.0
490,3.0,4.0,3.0
491,2.0,1.0,3.0
492,1.0,4.0,3.0
493,4.0,4.0,3.0
494,4.0,3.0,3.0
495,3.0,1.0,3.0
496,4.0,1.0,3.0
497,2.0,4.0,2.0
498,4.0,4.0,4.0
499,4.0,3.0,3.0
500,2.0,4.0,2.0
501,2.0,4.0,1.0
502,2.0,2.0,3.0
503,3.0,2.0,3.0
504,1.0,3.0,2.0
505,1.0,1.0,3.0
506,3.0,3.0,3.0
507,4.0,2.0,3.0
508,3.0,3.0,3.0
509,2.0,3.0,2.0
510,4.0,2.0,2.0
511,3.0,1.0,2.0
512,1.0,3.0,3.0
513,4.0,4.0,3.0
514,3.0,3.0,3.0
515,1.0,3.0,3.0
516,4.0,4.0,2.0
517,3.0,1.0,4.0
518,3.0,4.0,3.0
519,4.0,4.0,3.0
520,3.0,1.0,2.0
521,4.0,1.0,3.0
522,1.0,3.0,4.0
523,2.0,1.0,2.0
524,1.0,1.0,3.0
525,3.0,1.0,2.0
526,2.0,3.0,3.0
527,3.0,3.0,2.0
528,1.0,4.0,3.0
529,1.0,3.0,3.0
530,4.0,2.0,3.0
531,3.0,3.0,4.0
532,2.0,1.0,3.0
533,4.0,4.0,3.0
534,4.0,1.0,3.0
535,1.0,3.0,3.0
536,1.0,3.0,2.0
537,1.0,4.0,2.0
538,4.0,4.0,3.0
539,4.0,4.0,4.0
540,1.0,3.0,2.0
541,1.0,2.0,3.0
542,4.0,1.0,3.0
543,1.0,2.0,3.0
544,4.0,3.0,3.0
545,4.0,2.0,3.0
546,3.0,4.0,3.0
547,1.0,4.0,2.0
548,2.0,3.0,3.0
549,2.0,2.0,3.0
550,3.0,3.0,3.0
551,3.0,4.0,3.0
552,4.0,2.0,2.0
553,1.0,3.0,3.0
554,4.0,2.0,3.0
555,3.0,1.0,3.0
556,1.0,4.0,3.0
557,3.0,3.0,4.0
558,4.0,2.0,4.0
559,3.0,2.0,2.0
560,1.0,4.0,3.0
561,3.0,4.0,3.0
562,1.0,2.0,1.0
563,4.0,4.0,3.0
564,4.0,2.0,3.0
565,4.0,3.0,2.0
566,4.0,2.0,2.0
567,2.0,4.0,3.0
568,2.0,4.0,2.0
569,3.0,3.0,4.0
570,3.0,3.0,3.0
571,3.0,3.0,3.0
572,1.0,1.0,3.0
573,2.0,4.0,3.0
574,3.0,3.0,2.0
575,3.0,4.0,3.0
576,4.0,3.0,3.0
577,2.0,3.0,2.0
578,3.0,3.0,1.0
579,4.0,1.0,1.0
580,2.0,3.0,2.0
581,3.0,1.0,2.0
582,2.0,1.0,4.0
583,4.0,3.0,3.0
584,4.0,2.0,3.0
585,3.0,4.0,2.0
586,1.0,4.0,3.0
587,3.0,3.0,3.0
588,3.0,4.0,1.0
589,3.0,2.0,4.0
590,4.0,1.0,3.0
591,4.0,4.0,4.0
592,1.0,3.0,2.0
593,3.0,1.0,3.0
594,4.0,1.0,3.0
595,2.0,4.0,3.0
596,3.0,1.0,3.0
597,1.0,3.0,2.0
598,4.0,4.0,2.0
599,1.0,3.0,2.0
600,3.0,3.0,3.0
601,4.0,3.0,3.0
602,2.0,4.0,2.0
603,3.0,4.0,3.0
604,3.0,1.0,3.0
605,4.0,3.0,3.0
606,2.0,3.0,3.0
607,1.0,1.0,1.0
608,3.0,1.0,3.0
609,2.0,2.0,3.0
610,4.0,1.0,3.0
611,4.0,1.0,3.0
612,4.0,2.0,3.0
613,3.0,1.0,3.0
614,4.0,2.0,1.0
615,2.0,3.0,2.0
616,3.0,3.0,3.0
617,3.0,3.0,2.0
618,4.0,4.0,3.0
619,3.0,4.0,3.0
620,4.0,4.0,2.0
621,4.0,1.0,4.0
622,2.0,4.0,3.0
623,3.0,2.0,3.0
624,4.0,3.0,3.0
625,3.0,1.0,3.0
626,1.0,4.0,3.0
627,2.0,2.0,4.0
628,3.0,4.0,3.0
629,4.0,2.0,3.0
630,1.0,1.0,3.0
631,3.0,4.0,2.0
632,1.0,1.0,2.0
633,4.0,3.0,1.0
634,1.0,4.0,3.0
635,1.0,2.0,4.0
636,1.0,4.0,3.0
637,4.0,4.0,3.0
638,3.0,1.0,2.0
639,3.0,1.0,3.0
640,3.0,4.0,3.0
641,3.0,4.0,3.0
642,1.0,3.0,4.0
643,3.0,2.0,2.0
644,4.0,2.0,2.0
645,1.0,3.0,3.0
646,3.0,4.0,3.0
647,4.0,4.0,4.0
648,4.0,4.0,2.0
649,3.0,3.0,2.0
650,2.0,2.0,3.0
651,4.0,3.0,3.0
652,2.0,4.0,3.0
653,4.0,3.0,3.0
654,3.0,4.0,3.0
655,3.0,4.0,2.0
656,1.0,2.0,3.0
657,4.0,2.0,3.0
658,1.0,3.0,1.0
659,4.0,2.0,3.0
660,3.0,1.0,3.0
661,4.0,2.0,2.0
662,4.0,4.0,2.0
663,3.0,2.0,4.0
664,4.0,3.0,2.0
665,3.0,1.0,2.0
666,3.0,2.0,4.0
667,3.0,3.0,3.0
668,2.0,2.0,3.0
669,4.0,4.0,4.0
670,3.0,2.0,3.0
671,1.0,4.0,3.0
672,4.0,4.0,3.0
673,2.0,3.0,2.0
674,3.0,3.0,3.0
675,2.0,3.0,3.0
676,4.0,1.0,2.0
677,4.0,2.0,2.0
678,3.0,4.0,4.0
679,3.0,2.0,3.0
680,3.0,2.0,3.0
681,1.0,3.0,3.0
682,4.0,3.0,3.0
683,3.0,1.0,3.0
684,1.0,4.0,3.0
685,4.0,3.0,3.0
686,4.0,1.0,4.0
687,3.0,4.0,3.0
688,4.0,1.0,3.0
689,4.0,2.0,3.0
690,2.0,2.0,2.0
691,2.0,1.0,3.0
692,1.0,3.0,3.0
693,4.0,3.0,2.0
694,3.0,2.0,3.0
695,4.0,2.0,4.0
696,1.0,1.0,4.0
697,3.0,3.0,2.0
698,4.0,3.0,3.0
699,4.0,2.0,3.0
700,3.0,3.0,3.0
701,4.0,4.0,2.0
702,3.0,4.0,3.0
703,3.0,1.0,3.0
704,3.0,3.0,3.0
705,3.0,2.0,3.0
706,2.0,1.0,3.0
707,3.0,1.0,4.0
708,4.0,4.0,2.0
709,3.0,1.0,2.0
710,2.0,2.0,3.0
711,1.0,1.0,2.0
712,4.0,4.0,3.0
713,3.0,4.0,3.0
714,4.0,2.0,2.0
715,4.0,4.0,4.0
716,4.0,4.0,3.0
717,4.0,4.0,3.0
718,1.0,3.0,2.0
719,4.0,2.0,3.0
720,1.0,3.0,3.0
721,2.0,3.0,3.0
722,2.0,3.0,3.0
723,3.0,4.0,4.0
724,4.0,3.0,2.0
725,4.0,3.0,3.0
726,3.0,4.0,4.0
727,3.0,1.0,3.0
728,4.0,3.0,2.0
729,1.0,4.0,4.0
730,2.0,2.0,3.0
731,4.0,4.0,2.0
732,3.0,3.0,3.0
733,2.0,4.0,4.0
734,3.0,2.0,2.0
735,3.0,3.0,3.0
736,1.0,3.0,3.0
737,4.0,3.0,2.0
738,1.0,3.0,1.0
739,4.0,4.0,3.0
740,4.0,3.0,3.0
741,1.0,4.0,3.0
742,3.0,1.0,3.0
743,3.0,1.0,1.0
744,1.0,3.0,3.0
745,3.0,4.0,3.0
746,1.0,4.0,2.0
747,3.0,1.0,3.0
748,2.0,1.0,2.0
749,1.0,1.0,3.0
750,3.0,4.0,3.0
751,4.0,4.0,2.0
752,4.0,1.0,3.0
753,2.0,4.0,4.0
754,1.0,2.0,3.0
755,2.0,3.0,3.0
756,4.0,1.0,3.0
757,1.0,2.0,4.0
758,4.0,1.0,3.0
759,1.0,2.0,4.0
760,2.0,1.0,4.0
761,1.0,4.0,2.0
762,3.0,1.0,2.0
763,1.0,4.0,2.0
764,1.0,1.0,3.0
765,3.0,3.0,1.0
766,1.0,1.0,4.0
767,1.0,3.0,4.0
768,4.0,3.0,3.0
769,4.0,4.0,2.0
770,4.0,2.0,2.0
771,2.0,3.0,2.0
772,3.0,3.0,4.0
773,1.0,4.0,3.0
774,1.0,4.0,4.0
775,1.0,1.0,4.0
776,3.0,2.0,3.0
777,2.0,1.0,3.0
778,4.0,2.0,3.0
779,2.0,4.0,1.0
780,2.0,4.0,4.0
781,3.0,1.0,3.0
782,1.0,3.0,3.0
783,4.0,2.0,3.0
784,4.0,1.0,3.0
785,3.0,3.0,3.0
786,4.0,2.0,2.0
787,1.0,3.0,2.0
788,3.0,3.0,4.0
789,4.0,2.0,2.0
790,4.0,1.0,3.0
791,4.0,1.0,3.0
792,4.0,3.0,2.0
793,1.0,4.0,3.0
794,1.0,3.0,2.0
795,3.0,3.0,2.0
796,2.0,3.0,2.0
797,3.0,2.0,3.0
798,2.0,1.0,2.0
799,1.0,3.0,4.0
800,1.0,2.0,1.0
801,1.0,2.0,4.0
802,4.0,3.0,3.0
803,2.0,1.0,2.0
804,4.0,2.0,3.0
805,2.0,3.0,2.0
806,3.0,3.0,3.0
807,3.0,3.0,4.0
808,4.0,3.0,3.0
809,1.0,2.0,3.0
810,3.0,3.0,2.0
811,3.0,1.0,2.0
812,1.0,3.0,1.0
813,3.0,1.0,3.0
814,3.0,1.0,3.0
815,4.0,2.0,3.0
816,3.0,2.0,2.0
817,4.0,3.0,3.0
818,3.0,4.0,4.0
819,2.0,4.0,3.0
820,1.0,1.0,1.0
821,4.0,1.0,4.0
822,2.0,2.0,3.0
823,3.0,2.0,4.0
824,4.0,2.0,1.0
825,1.0,3.0,3.0
826,4.0,1.0,1.0
827,4.0,3.0,3.0
828,4.0,3.0,1.0
829,3.0,4.0,3.0
830,2.0,3.0,3.0
831,3.0,2.0,3.0
832,1.0,4.0,3.0
833,3.0,1.0,3.0
834,4.0,2.0,3.0
835,4.0,4.0,3.0
836,4.0,4.0,1.0
837,1.0,1.0,4.0
838,2.0,3.0,3.0
839,3.0,4.0,3.0
840,3.0,1.0,3.0
841,4.0,4.0,3.0
842,1.0,2.0,3.0
843,2.0,3.0,3.0
844,4.0,2.0,3.0
845,3.0,4.0,2.0
846,3.0,3.0,3.0
847,3.0,3.0,2.0
848,1.0,1.0,1.0
849,2.0,1.0,3.0
850,3.0,3.0,3.0
851,4.0,1.0,3.0
852,3.0,2.0,3.0
853,1.0,1.0,3.0
854,3.0,4.0,3.0
855,3.0,2.0,3.0
856,4.0,1.0,2.0
857,3.0,1.0,2.0
858,1.0,4.0,1.0
859,3.0,4.0,3.0
860,2.0,3.0,2.0
861,1.0,4.0,3.0
862,3.0,2.0,3.0
863,2.0,2.0,4.0
864,2.0,3.0,3.0
865,2.0,1.0,3.0
866,1.0,3.0,3.0
867,4.0,3.0,3.0
868,1.0,4.0,4.0
869,3.0,3.0,3.0
870,4.0,3.0,3.0
871,1.0,1.0,3.0
872,4.0,4.0,3.0
873,2.0,3.0,2.0
874,4.0,3.0,2.0
875,4.0,1.0,3.0
876,4.0,2.0,3.0
877,3.0,4.0,2.0
878,4.0,1.0,1.0
879,3.0,2.0,3.0
880,2.0,3.0,2.0
881,2.0,3.0,3.0
882,2.0,4.0,3.0
883,2.0,4.0,2.0
884,2.0,2.0,2.0
885,3.0,1.0,3.0
886,1.0,1.0,3.0
887,4.0,1.0,3.0
888,3.0,3.0,3.0
889,3.0,4.0,3.0
890,3.0,1.0,2.0
891,2.0,1.0,3.0
892,4.0,1.0,3.0
893,2.0,1.0,3.0
894,2.0,1.0,2.0
895,3.0,4.0,3.0
896,2.0,4.0,4.0
897,4.0,3.0,3.0
898,3.0,3.0,3.0
899,1.0,3.0,3.0
900,3.0,3.0,3.0
901,3.0,3.0,2.0
902,1.0,3.0,1.0
903,4.0,4.0,3.0
904,4.0,3.0,4.0
905,4.0,1.0,3.0
906,2.0,2.0,1.0
907,3.0,4.0,2.0
908,1.0,4.0,3.0
909,3.0,4.0,3.0
910,3.0,4.0,2.0
911,1.0,4.0,3.0
912,2.0,3.0,3.0
913,4.0,4.0,2.0
914,1.0,1.0,1.0
915,3.0,3.0,3.0
916,2.0,1.0,3.0
917,4.0,3.0,3.0
918,4.0,2.0,3.0
919,1.0,2.0,3.0
920,4.0,1.0,3.0
921,3.0,3.0,3.0
922,4.0,2.0,3.0
923,1.0,2.0,3.0
924,3.0,3.0,3.0
925,4.0,3.0,3.0
926,4.0,1.0,3.0
927,2.0,3.0,3.0
928,3.0,3.0,3.0
929,4.0,4.0,4.0
930,4.0,4.0,4.0
931,1.0,2.0,2.0
932,4.0,4.0,3.0
933,4.0,2.0,2.0
934,1.0,4.0,3.0
935,4.0,1.0,2.0
936,4.0,2.0,3.0
937,2.0,2.0,3.0
938,3.0,3.0,3.0
939,4.0,3.0,3.0
940,4.0,1.0,3.0
941,3.0,4.0,3.0
942,1.0,3.0,2.0
943,3.0,4.0,3.0
944,4.0,3.0,3.0
945,4.0,3.0,2.0
946,2.0,4.0,3.0
947,4.0,3.0,3.0
948,4.0,2.0,3.0
949,4.0,4.0,3.0
950,1.0,2.0,3.0
951,2.0,4.0,4.0
952,3.0,4.0,4.0
953,2.0,2.0,3.0
954,3.0,4.0,2.0
955,2.0,4.0,3.0
956,3.0,4.0,3.0
957,3.0,4.0,3.0
958,1.0,4.0,4.0
959,4.0,4.0,3.0
960,3.0,3.0,3.0
961,4.0,3.0,3.0
962,4.0,3.0,3.0
963,3.0,4.0,2.0
964,3.0,3.0,2.0
965,4.0,3.0,3.0
966,3.0,3.0,1.0
967,4.0,3.0,4.0
968,4.0,2.0,3.0
969,1.0,3.0,2.0
970,2.0,3.0,4.0
971,3.0,2.0,3.0
972,2.0,1.0,3.0
973,2.0,1.0,4.0
974,3.0,2.0,3.0
975,4.0,3.0,3.0
976,2.0,4.0,2.0
977,3.0,2.0,1.0
978,3.0,4.0,2.0
979,2.0,1.0,3.0
980,1.0,2.0,3.0
981,3.0,2.0,1.0
982,4.0,4.0,2.0
983,4.0,4.0,3.0
984,4.0,3.0,1.0
985,2.0,2.0,2.0
986,3.0,3.0,4.0
987,4.0,1.0,3.0
988,1.0,4.0,3.0
989,3.0,4.0,2.0
990,1.0,3.0,3.0
991,3.0,4.0,2.0
992,2.0,2.0,3.0
993,4.0,3.0,4.0
994,3.0,1.0,3.0
995,4.0,4.0,3.0
996,4.0,2.0,2.0
997,4.0,4.0,4.0
998,1.0,1.0,2.0
999,3.0,2.0,2.0
1000,1.0,3.0,3.0
1001,4.0,1.0,3.0
1002,3.0,3.0,3.0
1003,2.0,2.0,3.0
1004,2.0,4.0,3.0
1005,3.0,3.0,3.0
1006,2.0,2.0,2.0
1007,3.0,1.0,3.0
1008,4.0,2.0,2.0
1009,3.0,1.0,3.0
1010,4.0,3.0,3.0
1011,1.0,3.0,2.0
1012,2.0,4.0,3.0
1013,4.0,4.0,3.0
1014,2.0,2.0,3.0
1015,4.0,3.0,3.0
1016,3.0,1.0,3.0
1017,1.0,4.0,3.0
1018,1.0,3.0,3.0
1019,2.0,2.0,3.0
1020,3.0,4.0,3.0
1021,4.0,1.0,3.0
1022,3.0,2.0,2.0
1023,3.0,2.0,2.0
1024,3.0,4.0,3.0
1025,4.0,1.0,3.0
1026,3.0,4.0,4.0
1027,3.0,3.0,3.0
1028,2.0,2.0,3.0
1029,3.0,1.0,2.0
1030,2.0,1.0,2.0
1031,2.0,4.0,3.0
1032,1.0,2.0,3.0
1033,4.0,1.0,2.0
1034,4.0,1.0,1.0
1035,3.0,4.0,3.0
1036,1.0,3.0,2.0
1037,2.0,2.0,1.0
1038,3.0,3.0,4.0
1039,1.0,3.0,3.0
1040,4.0,2.0,3.0
1041,4.0,2.0,4.0
1042,3.0,4.0,3.0
1043,2.0,3.0,3.0
1044,2.0,2.0,2.0
1045,2.0,3.0,4.0
1046,3.0,2.0,3.0
1047,2.0,1.0,3.0
1048,4.0,4.0,2.0
1049,1.0,1.0,3.0
1050,3.0,1.0,3.0
1051,2.0,4.0,2.0
1052,3.0,4.0,3.0
1053,1.0,3.0,3.0
1054,2.0,3.0,1.0
1055,4.0,1.0,3.0
1056,1.0,1.0,3.0
1057,3.0,3.0,4.0
1058,4.0,2.0,3.0
1059,1.0,4.0,3.0
1060,4.0,4.0,2.0
1061,4.0,4.0,4.0
1062,4.0,4.0,4.0
1063,3.0,3.0,2.0
1064,2.0,3.0,3.0
1065,4.0,4.0,2.0
1066,3.0,4.0,3.0
1067,4.0,3.0,3.0
1068,4.0,3.0,3.0
1069,3.0,2.0,2.0
1070,1.0,1.0,3.0
1071,2.0,3.0,3.0
1072,4.0,2.0,3.0
1073,1.0,3.0,3.0
1074,4.0,2.0,3.0
1075,4.0,4.0,2.0
1076,3.0,2.0,3.0
1077,4.0,1.0,2.0
1078,3.0,4.0,3.0
1079,2.0,4.0,4.0
1080,2.0,2.0,3.0
1081,2.0,4.0,2.0
1082,4.0,2.0,3.0
1083,2.0,3.0,3.0
1084,2.0,3.0,3.0
1085,3.0,4.0,3.0
1086,4.0,1.0,3.0
1087,4.0,1.0,3.0
1088,4.0,2.0,3.0
1089,2.0,4.0,2.0
1090,2.0,4.0,2.0
1091,1.0,1.0,3.0
1092,2.0,3.0,2.0
1093,1.0,3.0,3.0
1094,4.0,4.0,3.0
1095,2.0,1.0,3.0
1096,4.0,1.0,3.0
1097,1.0,4.0,3.0
1098,3.0,2.0,1.0
1099,3.0,2.0,3.0
1100,3.0,1.0,4.0
1101,3.0,4.0,3.0
1102,4.0,4.0,2.0
1103,1.0,3.0,2.0
1104,3.0,4.0,3.0
1105,2.0,3.0,3.0
1106,2.0,3.0,2.0
1107,3.0,4.0,3.0
1108,3.0,1.0,3.0
1109,1.0,3.0,3.0
1110,2.0,2.0,2.0
1111,3.0,4.0,3.0
1112,4.0,3.0,3.0
1113,3.0,2.0,4.0
1114,4.0,1.0,3.0
1115,1.0,1.0,3.0
1116,4.0,2.0,3.0
1117,4.0,4.0,2.0
1118,1.0,3.0,3.0
1119,2.0,4.0,4.0
1120,2.0,4.0,3.0
1121,2.0,4.0,3.0
1122,1.0,2.0,3.0
1123,2.0,1.0,1.0
1124,3.0,3.0,2.0
1125,3.0,1.0,4.0
1126,1.0,2.0,3.0
1127,1.0,4.0,2.0
1128,4.0,3.0,2.0
1129,3.0,1.0,2.0
1130,1.0,1.0,2.0
1131,3.0,4.0,3.0
1132,4.0,1.0,3.0
1133,3.0,4.0,2.0
1134,1.0,1.0,2.0
1135,3.0,4.0,3.0
1136,4.0,4.0,3.0
1137,4.0,4.0,3.0
1138,1.0,4.0,3.0
1139,1.0,1.0,2.0
1140,1.0,3.0,2.0
1141,4.0,3.0,3.0
1142,1.0,3.0,3.0
1143,4.0,2.0,3.0
1144,3.0,2.0,3.0
1145,4.0,4.0,3.0
1146,2.0,1.0,3.0
1147,4.0,3.0,3.0
1148,3.0,3.0,4.0
1149,3.0,1.0,3.0
1150,2.0,3.0,2.0
1151,4.0,4.0,4.0
1152,4.0,3.0,4.0
1153,2.0,2.0,3.0
1154,3.0,2.0,3.0
1155,4.0,2.0,2.0
1156,4.0,3.0,2.0
1157,1.0,3.0,3.0
1158,2.0,3.0,2.0
1159,4.0,2.0,3.0
1160,1.0,3.0,3.0
1161,1.0,3.0,3.0
1162,4.0,1.0,2.0
1163,4.0,4.0,3.0
1164,3.0,2.0,1.0
1165,4.0,3.0,3.0
1166,4.0,3.0,4.0
1167,2.0,3.0,3.0
1168,2.0,4.0,3.0
1169,3.0,2.0,3.0
1170,1.0,4.0,2.0
1171,2.0,2.0,3.0
1172,1.0,4.0,3.0
1173,2.0,3.0,3.0
1174,3.0,4.0,3.0
1175,3.0,4.0,3.0
1176,1.0,3.0,2.0
1177,1.0,4.0,2.0
1178,2.0,4.0,3.0
1179,3.0,1.0,3.0
1180,4.0,4.0,2.0
1181,4.0,1.0,2.0
1182,1.0,4.0,3.0
1183,4.0,2.0,3.0
1184,3.0,3.0,2.0
1185,1.0,4.0,4.0
1186,1.0,3.0,2.0
1187,4.0,3.0,1.0
1188,1.0,2.0,3.0
1189,4.0,3.0,3.0
1190,4.0,4.0,2.0
1191,3.0,2.0,3.0
1192,4.0,1.0,3.0
1193,3.0,4.0,3.0
1194,1.0,4.0,3.0
1195,2.0,3.0,3.0
1196,2.0,3.0,2.0
1197,4.0,3.0,3.0
1198,3.0,3.0,3.0
1199,3.0,3.0,4.0
1200,3.0,3.0,3.0
1201,3.0,4.0,3.0
1202,4.0,2.0,3.0
1203,4.0,1.0,1.0
1204,4.0,1.0,3.0
1205,2.0,4.0,2.0
1206,2.0,1.0,3.0
1207,4.0,3.0,3.0
1208,3.0,4.0,3.0
1209,4.0,1.0,3.0
1210,2.0,2.0,3.0
1211,4.0,2.0,2.0
1212,2.0,3.0,4.0
1213,2.0,4.0,1.0
1214,3.0,2.0,3.0
1215,4.0,3.0,3.0
1216,4.0,3.0,3.0
1217,1.0,2.0,3.0
1218,4.0,4.0,2.0
1219,3.0,1.0,2.0
1220,4.0,3.0,3.0
1221,4.0,3.0,3.0
1222,3.0,3.0,2.0
1223,1.0,2.0,3.0
1224,4.0,3.0,3.0
1225,3.0,3.0,2.0
1226,2.0,4.0,3.0
1227,3.0,3.0,3.0
1228,2.0,1.0,3.0
1229,1.0,2.0,2.0
1230,4.0,4.0,2.0
1231,1.0,4.0,3.0
1232,4.0,4.0,3.0
1233,1.0,3.0,2.0
1234,3.0,1.0,3.0
1235,1.0,2.0,3.0
1236,3.0,4.0,3.0
1237,2.0,1.0,3.0
1238,3.0,3.0,2.0
1239,2.0,1.0,3.0
1240,3.0,2.0,3.0
1241,1.0,4.0,3.0
1242,2.0,1.0,2.0
1243,3.0,4.0,3.0
1244,4.0,4.0,4.0
1245,4.0,3.0,3.0
1246,4.0,4.0,4.0
1247,2.0,4.0,2.0
1248,4.0,3.0,2.0
1249,1.0,3.0,3.0
1250,4.0,4.0,3.0
1251,2.0,1.0,4.0
1252,3.0,1.0,3.0
1253,3.0,4.0,3.0
1254,4.0,1.0,3.0
1255,1.0,3.0,2.0
1256,4.0,3.0,3.0
1257,3.0,4.0,3.0
1258,2.0,3.0,3.0
1259,2.0,3.0,3.0
1260,2.0,2.0,3.0
1261,1.0,4.0,3.0
1262,4.0,4.0,3.0
1263,1.0,3.0,3.0
1264,3.0,3.0,2.0
1265,2.0,1.0,2.0
1266,3.0,1.0,3.0
1267,3.0,4.0,2.0
1268,1.0,4.0,3.0
1269,2.0,1.0,2.0
1270,3.0,1.0,3.0
1271,4.0,4.0,2.0
1272,1.0,3.0,4.0
1273,1.0,4.0,3.0
1274,4.0,4.0,3.0
1275,2.0,3.0,2.0
1276,1.0,1.0,2.0
1277,3.0,3.0,3.0
1278,4.0,3.0,3.0
1279,2.0,2.0,3.0
1280,2.0,1.0,3.0
1281,2.0,1.0,2.0
1282,4.0,3.0,2.0
1283,1.0,3.0,2.0
1284,3.0,2.0,3.0
1285,3.0,2.0,3.0
1286,2.0,2.0,3.0
1287,2.0,4.0,3.0
1288,3.0,4.0,3.0
1289,3.0,1.0,3.0
1290,4.0,1.0,4.0
1291,1.0,3.0,4.0
1292,2.0,2.0,3.0
1293,4.0,4.0,2.0
1294,2.0,3.0,3.0
1295,1.0,4.0,3.0
1296,2.0,4.0,3.0
1297,1.0,2.0,3.0
1298,4.0,4.0,2.0
1299,3.0,1.0,3.0
1300,4.0,4.0,3.0
1301,3.0,4.0,3.0
1302,3.0,4.0,3.0
1303,3.0,2.0,2.0
1304,3.0,4.0,1.0
1305,3.0,2.0,2.0
1306,3.0,1.0,2.0
1307,2.0,3.0,3.0
1308,1.0,3.0,1.0
1309,1.0,3.0,2.0
1310,2.0,3.0,4.0
1311,4.0,3.0,2.0
1312,2.0,2.0,4.0
1313,3.0,1.0,3.0
1314,4.0,1.0,3.0
1315,4.0,4.0,3.0
1316,1.0,3.0,3.0
1317,3.0,4.0,4.0
1318,3.0,4.0,3.0
1319,1.0,2.0,2.0
1320,3.0,3.0,3.0
1321,4.0,4.0,3.0
1322,2.0,4.0,3.0
1323,1.0,1.0,2.0
1324,1.0,3.0,3.0
1325,4.0,4.0,3.0
1326,2.0,3.0,3.0
1327,3.0,2.0,3.0
1328,3.0,4.0,3.0
1329,3.0,1.0,3.0
1330,2.0,4.0,3.0
1331,1.0,4.0,3.0
1332,3.0,4.0,4.0
1333,1.0,3.0,2.0
1334,3.0,2.0,4.0
1335,2.0,2.0,3.0
1336,1.0,3.0,3.0
1337,2.0,3.0,2.0
1338,3.0,2.0,2.0
1339,4.0,4.0,2.0
1340,4.0,3.0,2.0
1341,3.0,4.0,3.0
1342,3.0,1.0,2.0
1343,2.0,3.0,3.0
1344,3.0,4.0,3.0
1345,2.0,3.0,3.0
1346,3.0,3.0,3.0
1347,3.0,3.0,3.0
1348,2.0,2.0,3.0
1349,1.0,4.0,3.0
1350,4.0,3.0,4.0
1351,1.0,3.0,3.0
1352,3.0,4.0,1.0
1353,1.0,1.0,4.0
1354,3.0,4.0,2.0
1355,4.0,3.0,3.0
1356,1.0,3.0,2.0
1357,4.0,4.0,4.0
1358,4.0,1.0,3.0
1359,2.0,4.0,3.0
1360,4.0,1.0,2.0
1361,3.0,1.0,3.0
1362,2.0,2.0,3.0
1363,2.0,2.0,3.0
1364,3.0,2.0,3.0
1365,2.0,3.0,1.0
1366,2.0,2.0,1.0
1367,2.0,4.0,3.0
1368,4.0,3.0,3.0
1369,2.0,3.0,3.0
1370,2.0,2.0,2.0
1371,3.0,4.0,2.0
1372,3.0,3.0,3.0
1373,3.0,4.0,3.0
1374,4.0,2.0,1.0
1375,3.0,4.0,1.0
1376,3.0,4.0,1.0
1377,3.0,3.0,2.0
1378,3.0,2.0,3.0
1379,1.0,3.0,3.0
1380,2.0,4.0,3.0
1381,1.0,4.0,4.0
1382,3.0,3.0,3.0
1383,3.0,2.0,2.0
1384,3.0,1.0,4.0
1385,4.0,2.0,2.0
1386,3.0,1.0,3.0
1387,3.0,1.0,4.0
1388,3.0,1.0,3.0
1389,3.0,4.0,4.0
1390,2.0,4.0,2.0
1391,2.0,1.0,3.0
1392,3.0,4.0,3.0
1393,3.0,4.0,3.0
1394,4.0,2.0,3.0
1395,2.0,2.0,2.0
1396,3.0,3.0,2.0
1397,4.0,1.0,3.0
1398,4.0,2.0,3.0
1399,4.0,3.0,3.0
1400,3.0,2.0,3.0
1401,4.0,3.0,2.0
1402,4.0,2.0,3.0
1403,3.0,3.0,3.0
1404,4.0,2.0,2.0
1405,2.0,3.0,3.0
1406,4.0,4.0,4.0
1407,1.0,4.0,3.0
1408,2.0,1.0,3.0
1409,2.0,2.0,3.0
1410,3.0,3.0,3.0
1411,4.0,3.0,3.0
1412,4.0,4.0,1.0
1413,3.0,1.0,3.0
1414,4.0,4.0,3.0
1415,4.0,3.0,4.0
1416,3.0,4.0,4.0
1417,2.0,1.0,3.0
1418,2.0,4.0,2.0
1419,4.0,2.0,2.0
1420,2.0,4.0,3.0
1421,4.0,4.0,1.0
1422,4.0,1.0,3.0
1423,4.0,4.0,2.0
1424,3.0,3.0,3.0
1425,4.0,3.0,3.0
1426,2.0,2.0,1.0
1427,4.0,1.0,3.0
1428,4.0,4.0,3.0
1429,3.0,1.0,2.0
1430,3.0,3.0,2.0
1431,4.0,4.0,3.0
1432,4.0,1.0,3.0
1433,4.0,2.0,4.0
1434,3.0,2.0,3.0
1435,2.0,4.0,3.0
1436,1.0,3.0,2.0
1437,3.0,3.0,3.0
1438,3.0,4.0,3.0
1439,1.0,4.0,3.0
1440,2.0,4.0,3.0
1441,3.0,3.0,4.0
1442,3.0,4.0,2.0
1443,3.0,4.0,2.0
1444,3.0,4.0,3.0
1445,2.0,3.0,2.0
1446,4.0,4.0,2.0
1447,3.0,4.0,1.0
1448,4.0,4.0,3.0
1449,1.0,1.0,4.0
1450,1.0,3.0,4.0
1451,3.0,2.0,3.0
1452,4.0,3.0,1.0
1453,3.0,3.0,3.0
1454,3.0,4.0,3.0
1455,3.0,1.0,2.0
1456,1.0,4.0,3.0
1457,3.0,4.0,3.0
1458,2.0,3.0,3.0
1459,3.0,4.0,2.0
1460,4.0,1.0,3.0
1461,3.0,1.0,2.0
1462,1.0,3.0,3.0
1463,1.0,3.0,3.0
1464,3.0,3.0,3.0
1465,3.0,4.0,3.0
1466,4.0,1.0,3.0
1467,4.0,4.0,3.0
1468,1.0,3.0,3.0
1469,4.0,3.0,3.0
1470,1.0,3.0,3.0
1471,3.0,4.0,3.0
1472,3.0,2.0,4.0
1473,2.0,2.0,1.0
1474,4.0,4.0,3.0
1475,4.0,1.0,3.0
1476,3.0,2.0,2.0
1477,3.0,3.0,1.0
1478,1.0,2.0,3.0
1479,2.0,4.0,3.0
1480,2.0,1.0,3.0
1481,3.0,4.0,3.0
1482,4.0,4.0,3.0
1483,4.0,1.0,3.0
1484,1.0,2.0,2.0
1485,4.0,4.0,2.0
1486,3.0,4.0,4.0
1487,4.0,3.0,4.0
1488,1.0,4.0,3.0
1489,2.0,2.0,2.0
1490,1.0,1.0,3.0
1491,3.0,2.0,1.0
1492,1.0,2.0,2.0
1493,3.0,3.0,2.0
1494,2.0,3.0,3.0
1495,2.0,4.0,2.0
1496,2.0,4.0,3.0
1497,1.0,1.0,3.0
1498,4.0,4.0,3.0
1499,4.0,3.0,1.0
1500,4.0,4.0,3.0
1501,1.0,2.0,3.0
1502,4.0,4.0,3.0
1503,3.0,1.0,3.0
1504,3.0,2.0,3.0
1505,4.0,2.0,2.0
1506,4.0,4.0,3.0
1507,2.0,4.0,2.0
1508,3.0,2.0,4.0
1509,3.0,3.0,3.0
1510,3.0,2.0,2.0
1511,3.0,4.0,3.0
1512,4.0,2.0,3.0
1513,4.0,2.0,3.0
1514,4.0,3.0,3.0
1515,2.0,1.0,3.0
1516,2.0,4.0,2.0
1517,3.0,4.0,2.0
1518,2.0,2.0,3.0
1519,4.0,3.0,2.0
1520,1.0,2.0,3.0
1521,4.0,3.0,3.0
1522,3.0,4.0,3.0
1523,1.0,1.0,3.0
1524,1.0,1.0,3.0
1525,3.0,4.0,1.0
1526,4.0,2.0,3.0
1527,3.0,1.0,3.0
1528,3.0,4.0,3.0
1529,3.0,3.0,3.0
1530,3.0,2.0,2.0
1531,3.0,2.0,2.0
1532,3.0,2.0,3.0
1533,4.0,3.0,3.0
1534,4.0,4.0,3.0
1535,1.0,4.0,2.0
1536,1.0,4.0,2.0
1537,4.0,4.0,3.0
1538,3.0,3.0,3.0
1539,3.0,4.0,3.0
1540,4.0,3.0,2.0
1541,2.0,4.0,2.0
1542,4.0,3.0,3.0
1543,3.0,3.0,4.0
1544,3.0,2.0,3.0
1545,4.0,3.0,2.0
1546,3.0,1.0,2.0
1547,4.0,4.0,3.0
1548,2.0,4.0,2.0
1549,2.0,1.0,2.0
1550,2.0,4.0,3.0
1551,4.0,3.0,3.0
1552,2.0,2.0,3.0
1553,4.0,4.0,2.0
1554,3.0,4.0,3.0
1555,3.0,4.0,2.0
1556,4.0,2.0,3.0
1557,3.0,2.0,3.0
1558,3.0,4.0,2.0
1559,4.0,2.0,3.0
1560,2.0,3.0,3.0
1561,1.0,4.0,3.0
1562,4.0,3.0,2.0
1563,3.0,3.0,3.0
1564,3.0,2.0,3.0
1565,1.0,3.0,1.0
1566,3.0,1.0,3.0
1567,4.0,3.0,4.0
1568,3.0,3.0,3.0
1569,1.0,4.0,3.0
1570,1.0,2.0,3.0
1571,4.0,4.0,3.0
1572,1.0,4.0,3.0
1573,4.0,3.0,3.0
1574,4.0,3.0,3.0
1575,1.0,4.0,2.0
1576,4.0,3.0,3.0
1577,3.0,1.0,3.0
1578,3.0,3.0,4.0
1579,1.0,2.0,3.0
1580,4.0,4.0,3.0
1581,3.0,3.0,3.0
1582,3.0,2.0,3.0
1583,3.0,2.0,3.0
1584,4.0,4.0,3.0
1585,3.0,2.0,3.0
1586,4.0,2.0,3.0
1587,2.0,4.0,3.0
1588,2.0,3.0,3.0
1589,3.0,4.0,2.0
1590,4.0,3.0,3.0
1591,1.0,4.0,2.0
1592,3.0,4.0,3.0
1593,4.0,3.0,4.0
1594,3.0,2.0,3.0
1595,3.0,1.0,3.0
1596,1.0,2.0,3.0
1597,2.0,3.0,3.0
1598,3.0,4.0,3.0
1599,4.0,1.0,2.0
1600,4.0,2.0,3.0
1601,2.0,1.0,3.0
1602,3.0,2.0,2.0
1603,1.0,2.0,3.0
1604,2.0,3.0,3.0
1605,1.0,1.0,2.0
1606,3.0,3.0,3.0
1607,2.0,1.0,1.0
1608,4.0,4.0,3.0
1609,3.0,3.0,3.0
1610,2.0,4.0,3.0
1611,2.0,3.0,3.0
1612,4.0,1.0,3.0
1613,2.0,3.0,3.0
1614,3.0,1.0,2.0
1615,2.0,3.0,3.0
1616,2.0,1.0,3.0
1617,3.0,1.0,3.0
1618,1.0,1.0,3.0
1619,4.0,3.0,3.0
1620,1.0,4.0,2.0
1621,4.0,4.0,1.0
1622,1.0,3.0,3.0
1623,3.0,4.0,3.0
1624,1.0,1.0,1.0
1625,3.0,3.0,2.0
1626,4.0,4.0,4.0
1627,1.0,2.0,3.0
1628,4.0,3.0,2.0
1629,4.0,4.0,3.0
1630,3.0,3.0,3.0
1631,1.0,4.0,1.0
1632,3.0,4.0,1.0
1633,2.0,3.0,3.0
1634,3.0,2.0,4.0
1635,1.0,4.0,4.0
1636,3.0,1.0,3.0
1637,1.0,4.0,2.0
1638,2.0,3.0,3.0
1639,3.0,4.0,2.0
1640,3.0,1.0,4.0
1641,1.0,4.0,3.0
1642,1.0,3.0,1.0
1643,4.0,3.0,3.0
1644,3.0,3.0,3.0
1645,4.0,3.0,3.0
1646,3.0,4.0,3.0
1647,3.0,2.0,4.0
1648,2.0,3.0,4.0
1649,1.0,4.0,3.0
1650,4.0,2.0,3.0
1651,4.0,3.0,3.0
1652,1.0,3.0,3.0
1653,2.0,1.0,3.0
1654,2.0,3.0,3.0
1655,2.0,4.0,2.0
1656,3.0,3.0,3.0
1657,2.0,4.0,3.0
1658,1.0,2.0,3.0
1659,4.0,4.0,3.0
1660,2.0,3.0,3.0
1661,2.0,3.0,3.0
1662,3.0,3.0,3.0
1663,2.0,4.0,4.0
1664,4.0,1.0,2.0
1665,4.0,2.0,4.0
1666,2.0,3.0,2.0
1667,4.0,4.0,4.0
1668,1.0,3.0,3.0
1669,3.0,4.0,2.0
1670,2.0,2.0,3.0
1671,3.0,1.0,3.0
1672,1.0,3.0,3.0
1673,1.0,3.0,3.0
1674,1.0,3.0,3.0
1675,4.0,4.0,3.0
1676,3.0,4.0,1.0
1677,2.0,4.0,4.0
1678,1.0,3.0,2.0
1679,2.0,3.0,3.0
1680,1.0,2.0,3.0
1681,4.0,1.0,3.0
1682,4.0,3.0,3.0
1683,4.0,4.0,3.0
1684,3.0,3.0,3.0
1685,2.0,2.0,2.0
1686,4.0,3.0,3.0
1687,2.0,4.0,3.0
1688,1.0,2.0,4.0
1689,4.0,2.0,3.0
1690,1.0,2.0,3.0
1691,2.0,3.0,3.0
1692,1.0,3.0,3.0
1693,2.0,1.0,4.0
1694,2.0,4.0,3.0
1695,2.0,1.0,1.0
1696,1.0,4.0,3.0
1697,1.0,4.0,4.0
1698,1.0,3.0,2.0
1699,4.0,3.0,2.0
1700,4.0,2.0,4.0
1701,3.0,4.0,3.0
1702,2.0,4.0,2.0
1703,3.0,1.0,2.0
1704,4.0,3.0,3.0
1705,4.0,1.0,1.0
1706,1.0,3.0,4.0
1707,3.0,3.0,3.0
1708,3.0,1.0,3.0
1709,3.0,3.0,3.0
1710,4.0,4.0,4.0
1711,1.0,3.0,3.0
1712,3.0,3.0,3.0
1713,1.0,4.0,2.0
1714,3.0,3.0,3.0
1715,4.0,1.0,4.0
1716,2.0,4.0,2.0
1717,1.0,1.0,3.0
1718,3.0,4.0,3.0
1719,3.0,3.0,3.0
1720,2.0,3.0,2.0
1721,2.0,4.0,3.0
1722,3.0,4.0,1.0
1723,3.0,2.0,3.0
1724,2.0,2.0,3.0
1725,1.0,4.0,3.0
1726,4.0,3.0,3.0
1727,1.0,1.0,3.0
1728,3.0,3.0,3.0
1729,1.0,1.0,4.0
1730,4.0,2.0,3.0
1731,4.0,4.0,3.0
1732,2.0,4.0,3.0
1733,2.0,2.0,3.0
1734,4.0,4.0,3.0
1735,4.0,4.0,3.0
1736,4.0,3.0,3.0
1737,4.0,2.0,4.0
1738,1.0,3.0,3.0
1739,4.0,3.0,3.0
1740,4.0,4.0,2.0
1741,2.0,3.0,3.0
1742,2.0,4.0,2.0
1743,3.0,1.0,3.0
1744,3.0,4.0,3.0
1745,4.0,1.0,3.0
1746,4.0,1.0,3.0
1747,3.0,3.0,3.0
1748,2.0,4.0,2.0
1749,1.0,1.0,3.0
1750,4.0,1.0,2.0
1751,4.0,3.0,3.0
1752,4.0,2.0,3.0
1753,1.0,2.0,3.0
1754,1.0,1.0,3.0
1755,3.0,3.0,4.0
1756,1.0,3.0,3.0
1757,4.0,3.0,2.0
1758,3.0,4.0,2.0
1759,3.0,3.0,3.0
1760,3.0,3.0,3.0
1761,4.0,4.0,3.0
1762,2.0,3.0,3.0
1763,2.0,1.0,4.0
1764,3.0,2.0,1.0
1765,3.0,4.0,2.0
1766,4.0,4.0,2.0
1767,4.0,1.0,1.0
1768,4.0,2.0,3.0
1769,4.0,4.0,3.0
1770,4.0,1.0,4.0
1771,1.0,4.0,3.0
1772,4.0,3.0,1.0
1773,2.0,1.0,3.0
1774,3.0,1.0,4.0
1775,4.0,4.0,2.0
1776,3.0,4.0,2.0
1777,2.0,3.0,3.0
1778,1.0,3.0,3.0
1779,2.0,3.0,3.0
1780,4.0,4.0,3.0
1781,4.0,1.0,3.0
1782,1.0,1.0,3.0
1783,4.0,4.0,3.0
1784,1.0,4.0,3.0
1785,2.0,3.0,2.0
1786,4.0,1.0,3.0
1787,2.0,4.0,3.0
1788,4.0,1.0,3.0
1789,3.0,4.0,3.0
1790,4.0,1.0,2.0
1791,1.0,1.0,3.0
1792,3.0,1.0,3.0
1793,1.0,4.0,2.0
1794,4.0,3.0,3.0
1795,3.0,2.0,3.0
1796,3.0,1.0,3.0
1797,2.0,4.0,2.0
1798,3.0,1.0,3.0
1799,3.0,2.0,3.0
1800,4.0,3.0,3.0
1801,3.0,3.0,3.0
1802,2.0,1.0,3.0
1803,3.0,3.0,4.0
1804,1.0,1.0,3.0
1805,3.0,4.0,2.0
1806,3.0,2.0,3.0
1807,3.0,3.0,3.0
1808,4.0,2.0,3.0
1809,4.0,3.0,3.0
1810,4.0,4.0,3.0
1811,3.0,3.0,2.0
1812,3.0,2.0,3.0
1813,3.0,3.0,3.0
1814,1.0,3.0,3.0
1815,3.0,4.0,2.0
1816,2.0,3.0,3.0
1817,2.0,2.0,2.0
1818,1.0,1.0,2.0
1819,3.0,4.0,3.0
1820,3.0,4.0,4.0
1821,3.0,4.0,2.0
1822,2.0,1.0,3.0
1823,3.0,4.0,3.0
1824,3.0,3.0,4.0
1825,2.0,2.0,3.0
1826,3.0,4.0,1.0
1827,3.0,3.0,3.0
1828,4.0,4.0,2.0
1829,1.0,3.0,2.0
1830,4.0,2.0,2.0
1831,1.0,1.0,2.0
1832,1.0,1.0,3.0
1833,3.0,1.0,2.0
1834,2.0,4.0,2.0
1835,2.0,4.0,2.0
1836,2.0,4.0,2.0
1837,1.0,4.0,3.0
1838,4.0,1.0,3.0
1839,3.0,3.0,2.0
1840,3.0,4.0,3.0
1841,4.0,3.0,3.0
1842,2.0,4.0,3.0
1843,4.0,4.0,1.0
1844,1.0,4.0,2.0
1845,2.0,4.0,3.0
1846,1.0,1.0,3.0
1847,3.0,1.0,3.0
1848,4.0,3.0,3.0
1849,4.0,2.0,3.0
1850,4.0,4.0,3.0
1851,3.0,1.0,4.0
1852,3.0,1.0,3.0
1853,1.0,4.0,2.0
1854,2.0,2.0,3.0
1855,2.0,2.0,3.0
1856,3.0,4.0,2.0
1857,4.0,4.0,3.0
1858,2.0,3.0,3.0
1859,1.0,4.0,3.0
1860,4.0,2.0,3.0
1861,3.0,4.0,3.0
1862,4.0,4.0,3.0
1863,4.0,4.0,2.0
1864,3.0,4.0,3.0
1865,1.0,2.0,3.0
1866,1.0,1.0,3.0
1867,4.0,4.0,3.0
1868,4.0,2.0,4.0
1869,1.0,4.0,1.0
1870,1.0,4.0,3.0
1871,2.0,1.0,3.0
1872,1.0,4.0,3.0
1873,4.0,4.0,2.0
1874,1.0,2.0,4.0
1875,3.0,3.0,2.0
1876,4.0,4.0,2.0
1877,3.0,4.0,2.0
1878,4.0,4.0,2.0
1879,2.0,3.0,4.0
1880,2.0,4.0,2.0
1881,3.0,3.0,3.0
1882,4.0,1.0,1.0
1883,2.0,3.0,3.0
1884,2.0,2.0,3.0
1885,3.0,3.0,3.0
1886,3.0,1.0,3.0
1887,3.0,2.0,3.0
1888,2.0,3.0,4.0
1889,4.0,4.0,1.0
1890,1.0,2.0,2.0
1891,4.0,3.0,2.0
1892,4.0,3.0,2.0
1893,2.0,4.0,3.0
1894,4.0,1.0,3.0
1895,3.0,2.0,3.0
1896,3.0,2.0,3.0
1897,1.0,2.0,2.0
1898,3.0,1.0,3.0
1899,4.0,1.0,3.0
1900,3.0,3.0,3.0
1901,4.0,2.0,4.0
1902,1.0,1.0,3.0
1903,4.0,4.0,1.0
1904,4.0,2.0,3.0
1905,3.0,1.0,4.0
1906,3.0,4.0,3.0
1907,2.0,4.0,3.0
1908,1.0,3.0,1.0
1909,3.0,2.0,2.0
1910,3.0,3.0,3.0
1911,3.0,3.0,3.0
1912,4.0,4.0,3.0
1913,4.0,3.0,3.0
1914,3.0,3.0,4.0
1915,3.0,3.0,4.0
1916,3.0,4.0,3.0
1917,4.0,4.0,3.0
1918,1.0,3.0,3.0
1919,2.0,2.0,2.0
1920,3.0,3.0,4.0
1921,1.0,4.0,3.0
1922,3.0,1.0,3.0
1923,4.0,3.0,3.0
1924,4.0,1.0,3.0
1925,2.0,4.0,3.0
1926,4.0,4.0,3.0
1927,4.0,4.0,2.0
1928,3.0,2.0,3.0
1929,1.0,3.0,4.0
1930,3.0,2.0,3.0
1931,4.0,1.0,3.0
1932,4.0,4.0,3.0
1933,1.0,3.0,3.0
1934,4.0,3.0,3.0
1935,3.0,3.0,2.0
1936,4.0,3.0,3.0
1937,4.0,3.0,3.0
1938,3.0,2.0,1.0
1939,3.0,1.0,3.0
1940,2.0,4.0,3.0
1941,3.0,3.0,3.0
1942,3.0,3.0,2.0
1943,2.0,1.0,2.0
1944,4.0,1.0,3.0
1945,2.0,2.0,3.0
1946,4.0,4.0,3.0
1947,2.0,1.0,2.0
1948,1.0,3.0,3.0
1949,3.0,3.0,3.0
1950,4.0,3.0,3.0
1951,4.0,4.0,3.0
1952,1.0,4.0,3.0
1953,2.0,4.0,2.0
1954,4.0,3.0,3.0
1955,1.0,4.0,3.0
1956,3.0,4.0,3.0
1957,1.0,2.0,1.0
1958,3.0,2.0,3.0
1959,2.0,3.0,3.0
1960,2.0,4.0,3.0
1961,2.0,1.0,3.0
1962,1.0,4.0,3.0
1963,4.0,4.0,3.0
1964,4.0,3.0,3.0
1965,3.0,1.0,3.0
1966,4.0,1.0,3.0
1967,2.0,4.0,2.0
1968,4.0,4.0,4.0
1969,4.0,3.0,3.0
1970,2.0,4.0,2.0
1971,2.0,4.0,1.0
1972,2.0,2.0,3.0
1973,3.0,2.0,3.0
1974,1.0,3.0,2.0
1975,1.0,1.0,3.0
1976,3.0,3.0,3.0
1977,4.0,2.0,3.0
1978,3.0,3.0,3.0
1979,2.0,3.0,2.0
1980,4.0,2.0,2.0
1981,3.0,1.0,2.0
1982,1.0,3.0,3.0
1983,4.0,4.0,3.0
1984,3.0,3.0,3.0
1985,1.0,3.0,3.0
1986,4.0,4.0,2.0
1987,3.0,1.0,4.0
1988,3.0,4.0,3.0
1989,4.0,4.0,3.0
1990,3.0,1.0,2.0
1991,4.0,1.0,3.0
1992,1.0,3.0,4.0
1993,2.0,1.0,2.0
1994,1.0,1.0,3.0
1995,3.0,1.0,2.0
1996,2.0,3.0,3.0
1997,3.0,3.0,2.0
1998,1.0,4.0,3.0
1999,1.0,3.0,3.0
2000,4.0,2.0,3.0
2001,3.0,3.0,4.0
2002,2.0,1.0,3.0
2003,4.0,4.0,3.0
2004,4.0,1.0,3.0
2005,1.0,3.0,3.0
2006,1.0,3.0,2.0
2007,1.0,4.0,2.0
2008,4.0,4.0,3.0
2009,4.0,4.0,4.0
2010,1.0,3.0,2.0
2011,1.0,2.0,3.0
2012,4.0,1.0,3.0
2013,1.0,2.0,3.0
2014,4.0,3.0,3.0
2015,4.0,2.0,3.0
2016,3.0,4.0,3.0
2017,1.0,4.0,3.0
2018,2.0,3.0,3.0
2019,2.0,2.0,3.0
2020,3.0,3.0,3.0
2021,3.0,4.0,3.0
2022,4.0,2.0,2.0
2023,1.0,3.0,3.0
2024,4.0,2.0,3.0
2025,3.0,1.0,3.0
2026,1.0,4.0,3.0
2027,3.0,3.0,4.0
2028,4.0,2.0,4.0
2029,3.0,2.0,2.0
2030,1.0,4.0,3.0
2031,3.0,4.0,3.0
2032,1.0,2.0,1.0
2033,4.0,4.0,3.0
2034,4.0,2.0,3.0
2035,4.0,3.0,2.0
2036,4.0,2.0,2.0
2037,2.0,4.0,3.0
2038,2.0,4.0,2.0
2039,3.0,3.0,4.0
2040,3.0,3.0,3.0
2041,3.0,3.0,3.0
2042,1.0,1.0,3.0
2043,2.0,4.0,3.0
2044,3.0,3.0,2.0
2045,3.0,4.0,3.0
2046,4.0,3.0,3.0
2047,2.0,3.0,2.0
2048,3.0,3.0,1.0
2049,4.0,1.0,1.0
2050,2.0,3.0,2.0
2051,3.0,1.0,2.0
2052,2.0,1.0,4.0
2053,4.0,3.0,3.0
2054,4.0,2.0,3.0
2055,3.0,4.0,2.0
2056,1.0,4.0,3.0
2057,3.0,3.0,3.0
2058,3.0,4.0,1.0
2059,3.0,2.0,4.0
2060,4.0,1.0,3.0
2061,4.0,4.0,4.0
2062,1.0,3.0,2.0
2063,3.0,1.0,3.0
2064,4.0,1.0,3.0
2065,2.0,4.0,3.0
2066,3.0,1.0,3.0
2067,1.0,3.0,2.0
2068,4.0,4.0,2.0
2069,1.0,3.0,2.0
2070,3.0,3.0,3.0
2071,4.0,3.0,3.0
2072,2.0,4.0,2.0
2073,3.0,4.0,3.0
2074,3.0,1.0,3.0
2075,4.0,3.0,3.0
2076,2.0,3.0,3.0
2077,1.0,1.0,1.0
2078,3.0,1.0,3.0
2079,2.0,2.0,3.0
2080,4.0,1.0,3.0
2081,4.0,1.0,3.0
2082,4.0,2.0,3.0
2083,3.0,1.0,3.0
2084,4.0,2.0,1.0
2085,2.0,3.0,2.0
2086,3.0,3.0,3.0
2087,3.0,3.0,2.0
2088,4.0,4.0,3.0
2089,3.0,4.0,3.0
2090,4.0,4.0,2.0
2091,4.0,1.0,4.0
2092,2.0,4.0,3.0
2093,3.0,2.0,3.0
2094,4.0,3.0,3.0
2095,3.0,1.0,3.0
2096,1.0,4.0,3.0
2097,2.0,2.0,4.0
2098,3.0,4.0,3.0
2099,4.0,2.0,3.0
2100,1.0,1.0,3.0
2101,3.0,4.0,2.0
2102,1.0,1.0,2.0
2103,4.0,3.0,1.0
2104,1.0,4.0,3.0
2105,1.0,2.0,4.0
2106,1.0,4.0,3.0
2107,4.0,4.0,3.0
2108,3.0,1.0,2.0
2109,3.0,1.0,3.0
2110,3.0,4.0,3.0
2111,3.0,4.0,3.0
2112,1.0,3.0,4.0
2113,3.0,2.0,2.0
2114,4.0,2.0,2.0
2115,1.0,3.0,3.0
2116,3.0,4.0,3.0
2117,4.0,4.0,4.0
2118,4.0,4.0,2.0
2119,3.0,3.0,2.0
2120,2.0,2.0,3.0
2121,4.0,3.0,3.0
2122,2.0,4.0,3.0
2123,4.0,3.0,3.0
2124,3.0,4.0,3.0
2125,3.0,4.0,2.0
2126,1.0,2.0,3.0
2127,4.0,2.0,3.0
2128,1.0,3.0,1.0
2129,4.0,2.0,3.0
2130,3.0,1.0,3.0
2131,4.0,2.0,2.0
2132,4.0,4.0,2.0
2133,3.0,2.0,4.0
2134,4.0,3.0,2.0
2135,3.0,1.0,2.0
2136,3.0,2.0,4.0
2137,3.0,3.0,3.0
2138,2.0,2.0,3.0
2139,4.0,4.0,4.0
2140,3.0,2.0,3.0
2141,1.0,4.0,3.0
2142,4.0,4.0,3.0
2143,2.0,3.0,3.0
2144,3.0,3.0,3.0
2145,2.0,3.0,3.0
2146,4.0,1.0,2.0
2147,4.0,2.0,2.0
2148,3.0,4.0,4.0
2149,3.0,2.0,3.0
2150,3.0,2.0,3.0
2151,1.0,3.0,3.0
2152,4.0,3.0,3.0
2153,3.0,1.0,3.0
2154,1.0,4.0,3.0
2155,4.0,3.0,3.0
2156,4.0,1.0,4.0
2157,3.0,4.0,3.0
2158,4.0,1.0,3.0
2159,4.0,2.0,3.0
2160,2.0,2.0,2.0
2161,2.0,1.0,3.0
2162,1.0,3.0,3.0
2163,4.0,3.0,2.0
2164,3.0,2.0,3.0
2165,4.0,2.0,4.0
2166,1.0,1.0,4.0
2167,3.0,3.0,2.0
2168,4.0,3.0,3.0
2169,4.0,2.0,3.0
2170,3.0,3.0,3.0
2171,4.0,4.0,2.0
2172,3.0,4.0,3.0
2173,3.0,1.0,3.0
2174,3.0,3.0,3.0
2175,3.0,2.0,3.0
2176,2.0,1.0,3.0
2177,3.0,1.0,4.0
2178,4.0,4.0,2.0
2179,3.0,1.0,2.0
2180,2.0,2.0,3.0
2181,1.0,1.0,2.0
2182,4.0,4.0,3.0
2183,3.0,3.0,3.0
2184,4.0,2.0,2.0
2185,4.0,4.0,4.0
2186,4.0,4.0,3.0
2187,4.0,4.0,3.0
2188,1.0,3.0,2.0
2189,4.0,2.0,3.0
2190,1.0,3.0,3.0
2191,2.0,3.0,3.0
2192,2.0,3.0,3.0
2193,3.0,4.0,4.0
2194,4.0,3.0,2.0
2195,4.0,3.0,3.0
2196,3.0,4.0,4.0
2197,3.0,1.0,3.0
2198,4.0,3.0,2.0
2199,1.0,4.0,4.0
2200,2.0,2.0,3.0
2201,4.0,4.0,2.0
2202,3.0,3.0,3.0
2203,2.0,4.0,4.0
2204,3.0,2.0,2.0
2205,3.0,3.0,3.0
2206,1.0,3.0,2.0
2207,4.0,3.0,2.0
2208,1.0,3.0,1.0
2209,4.0,4.0,3.0
2210,4.0,3.0,3.0
2211,1.0,4.0,3.0
2212,3.0,1.0,3.0
2213,3.0,1.0,1.0
2214,1.0,3.0,3.0
2215,3.0,4.0,3.0
2216,1.0,4.0,2.0
2217,3.0,1.0,3.0
2218,2.0,1.0,2.0
2219,1.0,1.0,3.0
2220,3.0,4.0,3.0
2221,4.0,4.0,2.0
2222,4.0,1.0,3.0
2223,2.0,4.0,4.0
2224,1.0,2.0,3.0
2225,2.0,3.0,3.0
2226,4.0,1.0,3.0
2227,1.0,2.0,3.0
2228,4.0,1.0,3.0
2229,1.0,2.0,4.0
2230,2.0,1.0,4.0
2231,1.0,4.0,2.0
2232,3.0,1.0,2.0
2233,1.0,4.0,2.0
2234,1.0,1.0,3.0
2235,3.0,3.0,1.0
2236,1.0,1.0,4.0
2237,1.0,3.0,4.0
2238,4.0,3.0,3.0
2239,4.0,4.0,2.0
2240,4.0,2.0,2.0
2241,2.0,3.0,2.0
2242,3.0,3.0,4.0
2243,1.0,4.0,3.0
2244,1.0,4.0,4.0
2245,1.0,1.0,4.0
2246,3.0,2.0,3.0
2247,2.0,1.0,3.0
2248,4.0,2.0,3.0
2249,2.0,4.0,1.0
2250,2.0,4.0,4.0
2251,3.0,1.0,3.0
2252,1.0,3.0,3.0
2253,4.0,2.0,3.0
2254,4.0,1.0,3.0
2255,3.0,3.0,3.0
2256,4.0,2.0,2.0
2257,1.0,3.0,2.0
2258,3.0,3.0,4.0
2259,4.0,2.0,2.0
2260,4.0,1.0,3.0
2261,4.0,1.0,3.0
2262,4.0,3.0,2.0
2263,1.0,4.0,3.0
2264,1.0,3.0,2.0
2265,3.0,3.0,2.0
2266,2.0,3.0,2.0
2267,3.0,2.0,3.0
2268,2.0,1.0,2.0
2269,1.0,3.0,4.0
2270,1.0,2.0,1.0
2271,1.0,2.0,4.0
2272,4.0,3.0,3.0
2273,2.0,1.0,2.0
2274,4.0,2.0,3.0
2275,2.0,3.0,2.0
2276,3.0,3.0,3.0
2277,3.0,3.0,4.0
2278,4.0,3.0,3.0
2279,1.0,2.0,3.0
2280,3.0,3.0,2.0
2281,3.0,1.0,2.0
2282,1.0,3.0,1.0
2283,3.0,1.0,3.0
2284,3.0,1.0,3.0
2285,4.0,2.0,3.0
2286,3.0,2.0,2.0
2287,4.0,3.0,3.0
2288,3.0,4.0,4.0
2289,2.0,4.0,3.0
2290,1.0,1.0,1.0
2291,4.0,1.0,4.0
2292,2.0,2.0,3.0
2293,3.0,2.0,4.0
2294,4.0,2.0,1.0
2295,1.0,3.0,3.0
2296,4.0,1.0,1.0
2297,4.0,3.0,3.0
2298,4.0,3.0,1.0
2299,3.0,4.0,3.0
2300,2.0,3.0,3.0
2301,3.0,2.0,3.0
2302,1.0,4.0,3.0
2303,3.0,1.0,3.0
2304,4.0,2.0,3.0
2305,4.0,4.0,3.0
2306,4.0,4.0,1.0
2307,1.0,1.0,4.0
2308,2.0,3.0,3.0
2309,3.0,4.0,3.0
2310,3.0,1.0,3.0
2311,4.0,4.0,3.0
2312,1.0,2.0,3.0
2313,2.0,3.0,3.0
2314,4.0,2.0,3.0
2315,3.0,4.0,2.0
2316,3.0,3.0,3.0
2317,3.0,3.0,2.0
2318,1.0,1.0,1.0
2319,2.0,1.0,3.0
2320,3.0,3.0,3.0
2321,4.0,1.0,3.0
2322,3.0,2.0,3.0
2323,1.0,1.0,3.0
2324,3.0,4.0,3.0
2325,3.0,2.0,3.0
2326,4.0,1.0,2.0
2327,3.0,1.0,2.0
2328,1.0,4.0,1.0
2329,3.0,4.0,3.0
2330,2.0,4.0,2.0
2331,1.0,4.0,3.0
2332,3.0,2.0,3.0
2333,2.0,2.0,4.0
2334,2.0,3.0,3.0
2335,2.0,1.0,3.0
2336,1.0,3.0,3.0
2337,4.0,3.0,3.0
2338,1.0,4.0,4.0
2339,3.0,3.0,3.0
2340,4.0,3.0,3.0
2341,1.0,1.0,3.0
2342,4.0,4.0,3.0
2343,2.0,3.0,2.0
2344,4.0,3.0,2.0
2345,4.0,1.0,3.0
2346,4.0,2.0,3.0
2347,3.0,4.0,2.0
2348,4.0,1.0,1.0
2349,3.0,2.0,3.0
2350,2.0,3.0,2.0
2351,2.0,3.0,3.0
2352,2.0,4.0,3.0
2353,2.0,4.0,2.0
2354,2.0,2.0,2.0
2355,3.0,1.0,3.0
2356,1.0,1.0,3.0
2357,4.0,1.0,3.0
2358,3.0,3.0,3.0
2359,3.0,4.0,3.0
2360,3.0,1.0,2.0
2361,2.0,1.0,3.0
2362,4.0,1.0,3.0
2363,2.0,1.0,3.0
2364,2.0,1.0,2.0
2365,3.0,4.0,3.0
2366,2.0,4.0,4.0
2367,4.0,3.0,3.0
2368,3.0,3.0,3.0
2369,1.0,3.0,3.0
2370,3.0,3.0,3.0
2371,3.0,3.0,2.0
2372,1.0,3.0,1.0
2373,4.0,4.0,3.0
2374,4.0,3.0,4.0
2375,4.0,1.0,3.0
2376,2.0,2.0,1.0
2377,3.0,4.0,2.0
2378,1.0,4.0,3.0
2379,3.0,4.0,3.0
2380,3.0,4.0,2.0
2381,1.0,4.0,3.0
2382,2.0,3.0,3.0
2383,4.0,4.0,2.0
2384,1.0,1.0,1.0
2385,3.0,3.0,3.0
2386,2.0,1.0,3.0
2387,4.0,3.0,3.0
2388,4.0,2.0,3.0
2389,1.0,2.0,3.0
2390,4.0,1.0,3.0
2391,3.0,3.0,3.0
2392,4.0,2.0,3.0
2393,1.0,2.0,3.0
2394,3.0,3.0,3.0
2395,4.0,3.0,3.0
2396,4.0,1.0,3.0
2397,2.0,3.0,3.0
2398,3.0,3.0,3.0
2399,4.0,4.0,4.0
2400,4.0,4.0,4.0
2401,1.0,2.0,2.0
2402,4.0,4.0,3.0
2403,4.0,2.0,2.0
2404,1.0,4.0,3.0
2405,4.0,1.0,2.0
2406,4.0,2.0,3.0
2407,2.0,2.0,3.0
2408,3.0,3.0,3.0
2409,4.0,3.0,3.0
2410,4.0,1.0,3.0
2411,3.0,4.0,3.0
2412,1.0,3.0,2.0
2413,3.0,4.0,3.0
2414,4.0,3.0,3.0
2415,4.0,3.0,2.0
2416,2.0,4.0,3.0
2417,4.0,3.0,3.0
2418,4.0,2.0,3.0
2419,4.0,4.0,3.0
2420,1.0,2.0,3.0
2421,2.0,4.0,4.0
2422,3.0,4.0,4.0
2423,2.0,2.0,3.0
2424,3.0,4.0,2.0
2425,2.0,4.0,3.0
2426,3.0,4.0,3.0
2427,3.0,4.0,3.0
2428,1.0,4.0,4.0
2429,4.0,4.0,3.0
2430,3.0,3.0,3.0
2431,4.0,3.0,3.0
2432,4.0,3.0,3.0
2433,3.0,4.0,2.0
2434,3.0,3.0,2.0
2435,4.0,3.0,3.0
2436,3.0,3.0,1.0
2437,4.0,3.0,4.0
2438,4.0,2.0,3.0
2439,1.0,3.0,2.0
2440,2.0,3.0,4.0
2441,3.0,2.0,3.0
2442,2.0,1.0,3.0
2443,2.0,1.0,4.0
2444,3.0,2.0,3.0
2445,4.0,3.0,3.0
2446,2.0,4.0,2.0
2447,3.0,2.0,1.0
2448,3.0,4.0,2.0
2449,2.0,1.0,3.0
2450,1.0,2.0,3.0
2451,3.0,2.0,1.0
2452,4.0,4.0,2.0
2453,4.0,4.0,3.0
2454,4.0,3.0,1.0
2455,2.0,2.0,2.0
2456,3.0,3.0,4.0
2457,4.0,1.0,3.0
2458,1.0,4.0,3.0
2459,3.0,4.0,2.0
2460,1.0,3.0,3.0
2461,3.0,4.0,2.0
2462,2.0,2.0,3.0
2463,4.0,3.0,4.0
2464,3.0,1.0,3.0
2465,4.0,4.0,3.0
2466,4.0,2.0,2.0
2467,4.0,4.0,4.0
2468,1.0,1.0,2.0
2469,3.0,2.0,2.0
2470,1.0,3.0,3.0
2471,4.0,1.0,3.0
2472,3.0,3.0,3.0
2473,2.0,2.0,3.0
2474,2.0,4.0,3.0
2475,3.0,3.0,3.0
2476,2.0,2.0,2.0
2477,3.0,3.0,3.0
2478,4.0,2.0,2.0
2479,3.0,1.0,3.0
2480,4.0,3.0,3.0
2481,1.0,3.0,2.0
2482,2.0,4.0,3.0
2483,4.0,4.0,3.0
2484,2.0,2.0,3.0
2485,4.0,3.0,3.0
2486,3.0,1.0,3.0
2487,1.0,4.0,3.0
2488,1.0,3.0,3.0
2489,2.0,2.0,3.0
2490,3.0,4.0,3.0
2491,4.0,1.0,3.0
2492,3.0,2.0,2.0
2493,3.0,2.0,2.0
2494,3.0,4.0,3.0
2495,4.0,1.0,3.0
2496,3.0,4.0,4.0
2497,3.0,3.0,3.0
2498,2.0,2.0,3.0
2499,3.0,1.0,2.0
2500,2.0,1.0,2.0
2501,2.0,4.0,3.0
2502,1.0,2.0,3.0
2503,4.0,1.0,2.0
2504,4.0,1.0,1.0
2505,3.0,4.0,3.0
2506,1.0,3.0,2.0
2507,2.0,2.0,1.0
2508,3.0,3.0,4.0
2509,1.0,3.0,3.0
2510,4.0,2.0,3.0
2511,4.0,2.0,4.0
2512,3.0,4.0,3.0
2513,2.0,3.0,3.0
2514,2.0,2.0,2.0
2515,2.0,3.0,4.0
2516,3.0,2.0,3.0
2517,2.0,1.0,3.0
2518,4.0,4.0,2.0
2519,1.0,1.0,3.0
2520,3.0,1.0,3.0
2521,2.0,4.0,2.0
2522,3.0,4.0,3.0
2523,1.0,3.0,3.0
2524,2.0,3.0,1.0
2525,4.0,1.0,3.0
2526,1.0,1.0,3.0
2527,3.0,3.0,4.0
2528,4.0,2.0,3.0
2529,1.0,4.0,3.0
2530,4.0,4.0,2.0
2531,4.0,4.0,4.0
2532,4.0,4.0,4.0
2533,3.0,3.0,2.0
2534,2.0,3.0,3.0
2535,4.0,4.0,2.0
2536,3.0,4.0,3.0
2537,4.0,3.0,3.0
2538,4.0,3.0,3.0
2539,3.0,2.0,2.0
2540,1.0,1.0,3.0
2541,2.0,3.0,3.0
2542,4.0,2.0,3.0
2543,1.0,3.0,3.0
2544,4.0,2.0,3.0
2545,4.0,4.0,2.0
2546,3.0,2.0,3.0
2547,4.0,1.0,2.0
2548,4.0,4.0,3.0
2549,2.0,4.0,4.0
2550,2.0,2.0,3.0
2551,2.0,4.0,2.0
2552,4.0,2.0,3.0
2553,2.0,3.0,3.0
2554,2.0,3.0,3.0
2555,3.0,4.0,3.0
2556,4.0,1.0,3.0
2557,4.0,1.0,3.0
2558,4.0,2.0,3.0
2559,2.0,4.0,2.0
2560,2.0,4.0,2.0
2561,1.0,1.0,3.0
2562,2.0,3.0,2.0
2563,1.0,3.0,2.0
2564,4.0,4.0,3.0
2565,2.0,1.0,3.0
2566,4.0,1.0,3.0
2567,1.0,4.0,3.0
2568,3.0,2.0,1.0
2569,3.0,2.0,3.0
2570,3.0,1.0,4.0
2571,3.0,4.0,3.0
2572,4.0,4.0,2.0
2573,1.0,3.0,2.0
2574,3.0,4.0,3.0
2575,2.0,3.0,3.0
2576,2.0,3.0,2.0
2577,3.0,4.0,3.0
2578,3.0,1.0,3.0
2579,1.0,3.0,3.0
2580,2.0,2.0,2.0
2581,3.0,4.0,3.0
2582,4.0,3.0,3.0
2583,3.0,2.0,4.0
2584,4.0,1.0,3.0
2585,1.0,1.0,3.0
2586,4.0,2.0,3.0
2587,4.0,4.0,2.0
2588,1.0,3.0,3.0
2589,2.0,4.0,4.0
2590,2.0,4.0,3.0
2591,2.0,4.0,3.0
2592,1.0,2.0,3.0
2593,2.0,1.0,1.0
2594,3.0,3.0,2.0
2595,3.0,1.0,4.0
2596,1.0,2.0,3.0
2597,1.0,4.0,2.0
2598,4.0,3.0,2.0
2599,3.0,1.0,2.0
2600,1.0,1.0,2.0
2601,3.0,4.0,3.0
2602,4.0,1.0,3.0
2603,3.0,4.0,2.0
2604,1.0,1.0,2.0
2605,3.0,4.0,3.0
2606,4.0,4.0,3.0
2607,4.0,4.0,3.0
2608,1.0,4.0,3.0
2609,1.0,1.0,2.0
2610,1.0,3.0,2.0
2611,4.0,3.0,3.0
2612,1.0,3.0,3.0
2613,4.0,2.0,3.0
2614,3.0,2.0,3.0
2615,4.0,4.0,3.0
2616,2.0,1.0,3.0
2617,4.0,3.0,3.0
2618,3.0,3.0,4.0
2619,3.0,1.0,3.0
2620,2.0,3.0,2.0
2621,4.0,4.0,4.0
2622,4.0,3.0,4.0
2623,2.0,2.0,3.0
2624,3.0,2.0,3.0
2625,4.0,2.0,2.0
2626,4.0,3.0,2.0
2627,1.0,3.0,3.0
2628,2.0,3.0,2.0
2629,4.0,2.0,3.0
2630,1.0,3.0,3.0
2631,1.0,3.0,3.0
2632,4.0,1.0,2.0
2633,4.0,4.0,3.0
2634,3.0,2.0,1.0
2635,4.0,3.0,3.0
2636,4.0,3.0,4.0
2637,2.0,3.0,3.0
2638,2.0,4.0,3.0
2639,3.0,2.0,3.0
2640,1.0,4.0,2.0
2641,2.0,2.0,3.0
2642,1.0,4.0,3.0
2643,2.0,3.0,3.0
2644,3.0,4.0,3.0
2645,3.0,4.0,3.0
2646,1.0,3.0,2.0
2647,1.0,4.0,2.0
2648,2.0,4.0,3.0
2649,3.0,1.0,3.0
2650,4.0,4.0,2.0
2651,4.0,1.0,2.0
2652,1.0,4.0,3.0
2653,4.0,2.0,3.0
2654,3.0,3.0,2.0
2655,1.0,4.0,4.0
2656,1.0,3.0,2.0
2657,4.0,3.0,1.0
2658,1.0,2.0,3.0
2659,4.0,3.0,3.0
2660,4.0,4.0,2.0
2661,3.0,2.0,3.0
2662,4.0,1.0,3.0
2663,3.0,4.0,3.0
2664,1.0,4.0,3.0
2665,2.0,3.0,3.0
2666,2.0,4.0,2.0
2667,4.0,3.0,3.0
2668,3.0,3.0,3.0
2669,3.0,3.0,4.0
2670,3.0,3.0,3.0
2671,3.0,4.0,3.0
2672,4.0,2.0,3.0
2673,4.0,1.0,1.0
2674,4.0,1.0,3.0
2675,2.0,4.0,2.0
2676,2.0,1.0,3.0
2677,4.0,3.0,3.0
2678,3.0,4.0,3.0
2679,4.0,1.0,3.0
2680,2.0,2.0,3.0
2681,4.0,2.0,2.0
2682,2.0,3.0,4.0
2683,2.0,4.0,1.0
2684,3.0,2.0,3.0
2685,4.0,3.0,3.0
2686,4.0,3.0,3.0
2687,1.0,2.0,3.0
2688,4.0,4.0,2.0
2689,3.0,1.0,2.0
2690,4.0,3.0,3.0
2691,4.0,3.0,3.0
2692,3.0,3.0,2.0
2693,1.0,2.0,3.0
2694,4.0,3.0,3.0
2695,1.0,3.0,2.0
2696,2.0,4.0,3.0
2697,3.0,3.0,3.0
2698,2.0,1.0,3.0
2699,1.0,2.0,2.0
2700,4.0,4.0,2.0
2701,1.0,4.0,3.0
2702,4.0,4.0,3.0
2703,1.0,3.0,2.0
2704,3.0,1.0,3.0
2705,1.0,2.0,3.0
2706,3.0,4.0,3.0
2707,2.0,1.0,3.0
2708,3.0,3.0,2.0
2709,2.0,1.0,3.0
2710,3.0,2.0,3.0
2711,1.0,4.0,3.0
2712,2.0,1.0,2.0
2713,3.0,4.0,3.0
2714,4.0,4.0,4.0
2715,4.0,3.0,3.0
2716,4.0,4.0,4.0
2717,2.0,4.0,2.0
2718,4.0,3.0,2.0
2719,1.0,3.0,3.0
2720,4.0,4.0,3.0
2721,2.0,1.0,4.0
2722,3.0,1.0,3.0
2723,3.0,4.0,3.0
2724,4.0,1.0,3.0
2725,1.0,3.0,2.0
2726,4.0,3.0,3.0
2727,3.0,4.0,3.0
2728,2.0,3.0,3.0
2729,2.0,3.0,3.0
2730,2.0,2.0,3.0
2731,1.0,4.0,3.0
2732,4.0,4.0,3.0
2733,1.0,3.0,3.0
2734,3.0,3.0,2.0
2735,2.0,1.0,2.0
2736,3.0,1.0,3.0
2737,3.0,4.0,2.0
2738,1.0,4.0,3.0
2739,2.0,1.0,2.0
2740,3.0,1.0,3.0
2741,4.0,4.0,2.0
2742,1.0,3.0,4.0
2743,1.0,4.0,3.0
2744,4.0,4.0,3.0
2745,2.0,3.0,2.0
2746,1.0,1.0,2.0
2747,3.0,3.0,3.0
2748,4.0,3.0,3.0
2749,2.0,2.0,3.0
2750,2.0,1.0,3.0
2751,2.0,1.0,2.0
2752,4.0,3.0,2.0
2753,1.0,3.0,2.0
2754,3.0,2.0,3.0
2755,3.0,2.0,3.0
2756,2.0,2.0,3.0
2757,2.0,4.0,3.0
2758,3.0,4.0,3.0
2759,3.0,1.0,3.0
2760,4.0,1.0,4.0
2761,1.0,3.0,4.0
2762,2.0,2.0,3.0
2763,4.0,4.0,2.0
2764,2.0,3.0,3.0
2765,1.0,4.0,3.0
2766,2.0,4.0,3.0
2767,1.0,2.0,3.0
2768,4.0,4.0,2.0
2769,3.0,1.0,3.0
2770,4.0,4.0,3.0
2771,3.0,4.0,3.0
2772,3.0,4.0,3.0
2773,3.0,2.0,2.0
2774,3.0,4.0,1.0
2775,3.0,2.0,2.0
2776,3.0,1.0,2.0
2777,2.0,3.0,3.0
2778,1.0,3.0,1.0
2779,1.0,3.0,2.0
2780,2.0,3.0,4.0
2781,4.0,3.0,2.0
2782,2.0,2.0,4.0
2783,3.0,1.0,3.0
2784,4.0,1.0,3.0
2785,4.0,4.0,3.0
2786,1.0,3.0,3.0
2787,3.0,4.0,4.0
2788,3.0,4.0,3.0
2789,1.0,2.0,2.0
2790,3.0,3.0,3.0
2791,4.0,4.0,3.0
2792,2.0,4.0,3.0
2793,1.0,1.0,2.0
2794,1.0,3.0,3.0
2795,4.0,4.0,3.0
2796,2.0,3.0,3.0
2797,3.0,2.0,3.0
2798,3.0,4.0,3.0
2799,3.0,1.0,3.0
2800,2.0,4.0,3.0
2801,1.0,4.0,3.0
2802,3.0,4.0,4.0
2803,1.0,3.0,2.0
2804,3.0,2.0,4.0
2805,2.0,2.0,3.0
2806,1.0,3.0,3.0
2807,2.0,3.0,2.0
2808,3.0,2.0,2.0
2809,4.0,4.0,2.0
2810,4.0,3.0,2.0
2811,3.0,4.0,3.0
2812,3.0,1.0,2.0
2813,2.0,3.0,3.0
2814,3.0,4.0,3.0
2815,2.0,3.0,3.0
2816,3.0,3.0,3.0
2817,3.0,3.0,3.0
2818,2.0,2.0,3.0
2819,1.0,4.0,3.0
2820,4.0,3.0,4.0
2821,1.0,3.0,3.0
2822,3.0,4.0,1.0
2823,1.0,1.0,4.0
2824,3.0,4.0,2.0
2825,4.0,3.0,3.0
2826,1.0,3.0,2.0
2827,4.0,4.0,4.0
2828,4.0,1.0,3.0
2829,2.0,4.0,3.0
2830,4.0,1.0,2.0
2831,3.0,1.0,3.0
2832,2.0,2.0,3.0
2833,2.0,2.0,3.0
2834,3.0,2.0,3.0
2835,2.0,3.0,1.0
2836,2.0,2.0,1.0
2837,2.0,4.0,3.0
2838,4.0,3.0,3.0
2839,2.0,3.0,3.0
2840,2.0,2.0,2.0
2841,3.0,4.0,2.0
2842,3.0,3.0,3.0
2843,3.0,4.0,3.0
2844,4.0,2.0,1.0
2845,3.0,4.0,1.0
2846,3.0,4.0,1.0
2847,3.0,3.0,2.0
2848,3.0,2.0,3.0
2849,1.0,3.0,3.0
2850,2.0,4.0,3.0
2851,1.0,4.0,4.0
2852,3.0,3.0,3.0
2853,3.0,2.0,2.0
2854,3.0,1.0,4.0
2855,4.0,2.0,2.0
2856,3.0,1.0,3.0
2857,3.0,1.0,4.0
2858,3.0,1.0,3.0
2859,3.0,4.0,4.0
2860,2.0,4.0,2.0
2861,2.0,1.0,3.0
2862,3.0,4.0,3.0
2863,3.0,4.0,3.0
2864,4.0,2.0,3.0
2865,2.0,2.0,2.0
2866,3.0,3.0,2.0
2867,4.0,1.0,3.0
2868,4.0,2.0,3.0
2869,4.0,3.0,3.0
2870,3.0,2.0,3.0
2871,4.0,3.0,2.0
2872,4.0,2.0,3.0
2873,3.0,3.0,3.0
2874,4.0,2.0,2.0
2875,2.0,3.0,3.0
2876,4.0,3.0,4.0
2877,1.0,4.0,3.0
2878,2.0,1.0,2.0
2879,2.0,2.0,3.0
2880,3.0,3.0,3.0
2881,4.0,3.0,3.0
2882,4.0,4.0,1.0
2883,3.0,1.0,3.0
2884,4.0,4.0,3.0
2885,4.0,3.0,4.0
2886,3.0,4.0,4.0
2887,2.0,1.0,3.0
2888,2.0,4.0,2.0
2889,4.0,2.0,2.0
2890,2.0,4.0,3.0
2891,4.0,4.0,1.0
2892,4.0,1.0,3.0
2893,4.0,4.0,2.0
2894,3.0,3.0,3.0
2895,4.0,3.0,3.0
2896,2.0,2.0,1.0
2897,4.0,1.0,3.0
2898,4.0,4.0,3.0
2899,3.0,1.0,3.0
2900,3.0,3.0,2.0
2901,4.0,4.0,3.0
2902,4.0,1.0,3.0
2903,4.0,2.0,4.0
2904,3.0,2.0,3.0
2905,2.0,4.0,3.0
2906,1.0,3.0,2.0
2907,3.0,3.0,3.0
2908,3.0,4.0,3.0
2909,1.0,4.0,3.0
2910,2.0,4.0,3.0
2911,3.0,3.0,4.0
2912,3.0,4.0,2.0
2913,3.0,4.0,2.0
2914,3.0,4.0,3.0
2915,2.0,3.0,2.0
2916,4.0,4.0,2.0
2917,3.0,4.0,1.0
2918,4.0,4.0,3.0
2919,1.0,1.0,4.0
2920,1.0,3.0,4.0
2921,3.0,2.0,3.0
2922,4.0,3.0,1.0
2923,3.0,3.0,3.0
2924,3.0,4.0,3.0
2925,3.0,1.0,2.0
2926,3.0,4.0,3.0
2927,3.0,4.0,3.0
2928,2.0,3.0,3.0
2929,3.0,4.0,2.0
2930,4.0,1.0,3.0
2931,3.0,1.0,2.0
2932,1.0,3.0,3.0
2933,1.0,3.0,3.0
2934,3.0,3.0,3.0
2935,3.0,4.0,3.0
2936,4.0,1.0,3.0
2937,4.0,4.0,3.0
2938,1.0,3.0,3.0
2939,4.0,1.0,3.0
2940,1.0,3.0,3.0
2941,3.0,4.0,2.0
2942,3.0,2.0,4.0
2943,2.0,2.0,1.0
2944,4.0,4.0,3.0
2945,4.0,1.0,3.0
2946,3.0,2.0,2.0
2947,1.0,3.0,1.0
2948,1.0,2.0,3.0
2949,2.0,4.0,3.0
2950,2.0,1.0,3.0
2951,3.0,4.0,3.0
2952,4.0,4.0,3.0
2953,4.0,1.0,3.0
2954,1.0,2.0,2.0
2955,4.0,4.0,2.0
2956,3.0,4.0,4.0
2957,4.0,3.0,4.0
2958,1.0,4.0,3.0
2959,2.0,2.0,2.0
2960,1.0,1.0,3.0
2961,3.0,2.0,1.0
2962,1.0,2.0,2.0
2963,3.0,3.0,2.0
2964,2.0,3.0,3.0
2965,2.0,4.0,2.0
2966,2.0,4.0,3.0
2967,1.0,1.0,3.0
2968,4.0,4.0,3.0
2969,4.0,3.0,1.0
2970,4.0,4.0,3.0
2971,1.0,2.0,3.0
2972,4.0,4.0,3.0
2973,3.0,1.0,3.0
2974,3.0,2.0,3.0
2975,4.0,2.0,2.0
2976,4.0,4.0,3.0
2977,2.0,4.0,2.0
2978,3.0,2.0,4.0
2979,3.0,3.0,3.0
2980,3.0,2.0,2.0
2981,3.0,4.0,3.0
2982,4.0,2.0,3.0
2983,4.0,2.0,3.0
2984,4.0,3.0,3.0
2985,2.0,1.0,3.0
2986,2.0,4.0,2.0
2987,3.0,4.0,2.0
2988,2.0,2.0,3.0
2989,4.0,3.0,2.0
2990,1.0,2.0,3.0
2991,4.0,3.0,3.0
2992,3.0,4.0,3.0
2993,1.0,1.0,3.0
2994,1.0,1.0,3.0
2995,3.0,4.0,1.0
2996,4.0,2.0,3.0
2997,3.0,1.0,3.0
2998,3.0,4.0,3.0
2999,3.0,3.0,3.0
3000,3.0,2.0,2.0
3001,3.0,2.0,2.0
3002,3.0,2.0,3.0
3003,4.0,3.0,3.0
3004,4.0,4.0,3.0
3005,1.0,4.0,2.0
3006,1.0,4.0,2.0
3007,4.0,4.0,3.0
3008,3.0,3.0,3.0
3009,3.0,4.0,3.0
3010,4.0,3.0,2.0
3011,2.0,4.0,2.0
3012,4.0,3.0,3.0
3013,3.0,3.0,4.0
3014,3.0,2.0,3.0
3015,4.0,3.0,2.0
3016,3.0,1.0,2.0
3017,4.0,4.0,3.0
3018,2.0,4.0,2.0
3019,2.0,1.0,2.0
3020,2.0,4.0,3.0
3021,4.0,3.0,3.0
3022,2.0,2.0,3.0
3023,4.0,4.0,2.0
3024,3.0,4.0,3.0
3025,3.0,4.0,3.0
3026,4.0,2.0,3.0
3027,3.0,2.0,3.0
3028,3.0,4.0,2.0
3029,4.0,2.0,3.0
3030,2.0,3.0,3.0
3031,1.0,4.0,3.0
3032,4.0,3.0,2.0
3033,3.0,3.0,3.0
3034,3.0,2.0,3.0
3035,1.0,3.0,1.0
3036,3.0,1.0,3.0
3037,4.0,3.0,4.0
3038,3.0,3.0,3.0
3039,1.0,4.0,3.0
3040,1.0,2.0,3.0
3041,4.0,4.0,3.0
3042,1.0,4.0,3.0
3043,4.0,3.0,3.0
3044,4.0,3.0,3.0
3045,1.0,4.0,2.0
3046,4.0,3.0,3.0
3047,3.0,1.0,3.0
3048,3.0,3.0,4.0
3049,1.0,2.0,3.0
3050,4.0,4.0,3.0
3051,3.0,3.0,3.0
3052,3.0,2.0,3.0
3053,3.0,2.0,3.0
3054,4.0,4.0,3.0
3055,3.0,2.0,3.0
3056,4.0,2.0,3.0
3057,2.0,4.0,3.0
3058,2.0,3.0,3.0
3059,3.0,4.0,2.0
3060,4.0,3.0,3.0
3061,1.0,4.0,2.0
3062,3.0,4.0,3.0
3063,4.0,3.0,4.0
3064,3.0,2.0,3.0
3065,3.0,1.0,3.0
3066,1.0,2.0,3.0
3067,2.0,3.0,3.0
3068,3.0,4.0,3.0
3069,4.0,1.0,2.0
3070,4.0,2.0,3.0
3071,2.0,1.0,3.0
3072,3.0,2.0,2.0
3073,1.0,2.0,3.0
3074,2.0,3.0,3.0
3075,1.0,1.0,2.0
3076,3.0,3.0,3.0
3077,2.0,1.0,1.0
3078,4.0,4.0,3.0
3079,3.0,3.0,3.0
3080,2.0,4.0,3.0
3081,2.0,3.0,3.0
3082,4.0,1.0,3.0
3083,2.0,3.0,3.0
3084,3.0,1.0,2.0
3085,2.0,3.0,3.0
3086,2.0,3.0,3.0
3087,3.0,1.0,3.0
3088,1.0,1.0,3.0
3089,4.0,3.0,3.0
3090,1.0,4.0,2.0
3091,4.0,4.0,1.0
3092,1.0,3.0,3.0
3093,3.0,4.0,3.0
3094,1.0,1.0,1.0
3095,3.0,3.0,2.0
3096,4.0,4.0,4.0
3097,1.0,2.0,3.0
3098,4.0,3.0,2.0
3099,4.0,4.0,3.0
3100,3.0,3.0,3.0
3101,1.0,4.0,1.0
3102,3.0,4.0,1.0
3103,2.0,3.0,3.0
3104,3.0,2.0,4.0
3105,1.0,4.0,4.0
3106,3.0,1.0,3.0
3107,1.0,4.0,2.0
3108,2.0,3.0,3.0
3109,3.0,4.0,2.0
3110,3.0,1.0,4.0
3111,1.0,4.0,3.0
3112,1.0,3.0,1.0
3113,4.0,3.0,3.0
3114,3.0,3.0,3.0
3115,3.0,3.0,3.0
3116,3.0,4.0,3.0
3117,3.0,2.0,4.0
3118,2.0,3.0,4.0
3119,1.0,4.0,3.0
3120,4.0,2.0,3.0
3121,4.0,3.0,3.0
3122,1.0,3.0,3.0
3123,2.0,1.0,3.0
3124,2.0,3.0,3.0
3125,2.0,4.0,2.0
3126,3.0,3.0,3.0
3127,2.0,4.0,3.0
3128,1.0,2.0,3.0
3129,4.0,4.0,3.0
3130,2.0,3.0,3.0
3131,2.0,3.0,3.0
3132,3.0,3.0,3.0
3133,2.0,4.0,4.0
3134,4.0,1.0,2.0
3135,4.0,2.0,4.0
3136,2.0,3.0,2.0
3137,4.0,4.0,4.0
3138,1.0,3.0,3.0
3139,3.0,4.0,2.0
3140,2.0,2.0,3.0
3141,3.0,1.0,3.0
3142,1.0,3.0,3.0
3143,1.0,3.0,3.0
3144,1.0,3.0,3.0
3145,4.0,4.0,3.0
3146,3.0,4.0,1.0
3147,2.0,4.0,4.0
3148,1.0,3.0,2.0
3149,2.0,1.0,3.0
3150,1.0,2.0,3.0
3151,4.0,1.0,3.0
3152,4.0,3.0,3.0
3153,4.0,4.0,3.0
3154,3.0,3.0,3.0
3155,2.0,2.0,2.0
3156,4.0,3.0,3.0
3157,2.0,4.0,3.0
3158,1.0,2.0,4.0
3159,4.0,2.0,3.0
3160,1.0,2.0,3.0
3161,2.0,3.0,3.0
3162,1.0,3.0,3.0
3163,2.0,1.0,4.0
3164,2.0,4.0,3.0
3165,2.0,1.0,1.0
3166,1.0,4.0,3.0
3167,1.0,4.0,4.0
3168,1.0,3.0,2.0
3169,4.0,3.0,2.0
3170,4.0,2.0,4.0
3171,3.0,4.0,3.0
3172,2.0,4.0,2.0
3173,3.0,1.0,2.0
3174,4.0,3.0,3.0
3175,4.0,1.0,1.0
3176,1.0,3.0,4.0
3177,3.0,3.0,3.0
3178,3.0,1.0,3.0
3179,3.0,3.0,3.0
3180,4.0,4.0,4.0
3181,1.0,3.0,3.0
3182,3.0,3.0,3.0
3183,1.0,4.0,2.0
3184,3.0,3.0,3.0
3185,4.0,1.0,4.0
3186,2.0,4.0,2.0
3187,1.0,1.0,3.0
3188,3.0,4.0,3.0
3189,3.0,3.0,3.0
3190,2.0,3.0,2.0
3191,2.0,4.0,3.0
3192,3.0,4.0,1.0
3193,3.0,2.0,4.0
3194,2.0,2.0,3.0
3195,1.0,4.0,3.0
3196,4.0,3.0,3.0
3197,1.0,1.0,3.0
3198,3.0,3.0,3.0
3199,1.0,1.0,4.0
3200,4.0,2.0,3.0
3201,4.0,4.0,3.0
3202,2.0,4.0,3.0
3203,2.0,2.0,3.0
3204,4.0,4.0,3.0
3205,4.0,4.0,3.0
3206,4.0,3.0,3.0
3207,4.0,2.0,4.0
3208,1.0,3.0,3.0
3209,4.0,3.0,3.0
3210,4.0,4.0,2.0
3211,2.0,3.0,3.0
3212,2.0,4.0,2.0
3213,3.0,1.0,3.0
3214,3.0,4.0,3.0
3215,4.0,1.0,3.0
3216,4.0,1.0,3.0
3217,3.0,3.0,3.0
3218,2.0,4.0,2.0
3219,1.0,1.0,3.0
3220,4.0,1.0,2.0
3221,4.0,3.0,3.0
3222,4.0,2.0,3.0
3223,1.0,2.0,3.0
3224,1.0,1.0,3.0
3225,3.0,3.0,4.0
3226,1.0,3.0,3.0
3227,4.0,3.0,2.0
3228,3.0,4.0,2.0
3229,3.0,3.0,3.0
3230,3.0,3.0,3.0
3231,4.0,4.0,3.0
3232,2.0,3.0,3.0
3233,2.0,1.0,4.0
3234,3.0,2.0,1.0
3235,3.0,4.0,2.0
3236,4.0,4.0,2.0
3237,4.0,1.0,1.0
3238,4.0,2.0,3.0
3239,4.0,4.0,3.0
3240,4.0,1.0,4.0
3241,1.0,4.0,3.0
3242,4.0,3.0,1.0
3243,2.0,1.0,3.0
3244,3.0,1.0,4.0
3245,4.0,4.0,2.0
3246,3.0,4.0,2.0
3247,2.0,3.0,3.0
3248,1.0,3.0,3.0
3249,2.0,3.0,3.0
3250,4.0,4.0,3.0
3251,4.0,1.0,3.0
3252,1.0,1.0,3.0
3253,4.0,4.0,3.0
3254,1.0,4.0,3.0
3255,2.0,3.0,2.0
3256,4.0,1.0,2.0
3257,2.0,4.0,3.0
3258,4.0,1.0,3.0
3259,3.0,4.0,3.0
3260,4.0,1.0,2.0
3261,1.0,1.0,3.0
3262,3.0,1.0,3.0
3263,1.0,4.0,2.0
3264,4.0,3.0,3.0
3265,3.0,2.0,3.0
3266,3.0,1.0,3.0
3267,2.0,4.0,2.0
3268,3.0,1.0,3.0
3269,3.0,2.0,3.0
3270,4.0,3.0,3.0
3271,3.0,3.0,3.0
3272,2.0,1.0,3.0
3273,3.0,3.0,4.0
3274,1.0,1.0,3.0
3275,3.0,4.0,2.0
3276,3.0,2.0,3.0
3277,3.0,3.0,3.0
3278,4.0,2.0,3.0
3279,4.0,3.0,3.0
3280,4.0,4.0,3.0
3281,3.0,3.0,2.0
3282,3.0,2.0,3.0
3283,3.0,3.0,3.0
3284,1.0,3.0,3.0
3285,3.0,4.0,2.0
3286,2.0,3.0,3.0
3287,2.0,2.0,2.0
3288,1.0,1.0,2.0
3289,3.0,4.0,3.0
3290,3.0,4.0,4.0
3291,3.0,4.0,2.0
3292,2.0,1.0,3.0
3293,3.0,4.0,3.0
3294,3.0,3.0,4.0
3295,2.0,2.0,3.0
3296,3.0,3.0,1.0
3297,3.0,3.0,3.0
3298,4.0,4.0,2.0
3299,1.0,3.0,2.0
3300,4.0,2.0,2.0
3301,1.0,1.0,2.0
3302,1.0,1.0,3.0
3303,3.0,1.0,2.0
3304,2.0,4.0,2.0
3305,2.0,4.0,2.0
3306,2.0,4.0,2.0
3307,1.0,4.0,3.0
3308,4.0,1.0,3.0
3309,3.0,3.0,2.0
3310,3.0,4.0,3.0
3311,4.0,3.0,3.0
3312,2.0,4.0,3.0
3313,4.0,4.0,1.0
3314,1.0,4.0,2.0
3315,2.0,4.0,3.0
3316,1.0,1.0,3.0
3317,3.0,1.0,3.0
3318,4.0,3.0,3.0
3319,4.0,2.0,2.0
3320,4.0,4.0,3.0
3321,3.0,1.0,4.0
3322,3.0,1.0,3.0
3323,1.0,4.0,2.0
3324,2.0,2.0,3.0
3325,2.0,2.0,3.0
3326,3.0,4.0,2.0
3327,4.0,4.0,3.0
3328,2.0,3.0,3.0
3329,1.0,4.0,3.0
3330,4.0,2.0,3.0
3331,3.0,4.0,3.0
3332,4.0,4.0,3.0
3333,4.0,4.0,2.0
3334,3.0,4.0,3.0
3335,1.0,2.0,3.0
3336,1.0,1.0,3.0
3337,4.0,4.0,3.0
3338,4.0,2.0,4.0
3339,1.0,4.0,1.0
3340,1.0,4.0,3.0
3341,2.0,1.0,3.0
3342,1.0,4.0,3.0
3343,4.0,4.0,2.0
3344,1.0,2.0,4.0
3345,3.0,3.0,2.0
3346,4.0,4.0,2.0
3347,3.0,4.0,2.0
3348,4.0,4.0,2.0
3349,2.0,3.0,4.0
3350,2.0,4.0,2.0
3351,3.0,3.0,3.0
3352,4.0,1.0,1.0
3353,2.0,3.0,3.0
3354,2.0,2.0,3.0
3355,3.0,3.0,3.0
3356,3.0,1.0,3.0
3357,3.0,2.0,3.0
3358,2.0,3.0,4.0
3359,4.0,4.0,1.0
3360,1.0,2.0,2.0
3361,4.0,3.0,2.0
3362,4.0,3.0,2.0
3363,2.0,4.0,3.0
3364,4.0,1.0,3.0
3365,3.0,2.0,3.0
3366,3.0,2.0,3.0
3367,1.0,2.0,2.0
3368,3.0,1.0,3.0
3369,4.0,1.0,3.0
3370,3.0,3.0,3.0
3371,4.0,2.0,4.0
3372,1.0,1.0,3.0
3373,4.0,4.0,1.0
3374,4.0,2.0,3.0
3375,3.0,1.0,4.0
3376,3.0,4.0,3.0
3377,2.0,4.0,3.0
3378,1.0,3.0,1.0
3379,3.0,2.0,2.0
3380,3.0,4.0,3.0
3381,3.0,3.0,3.0
3382,4.0,4.0,2.0
3383,4.0,3.0,3.0
3384,3.0,3.0,4.0
3385,3.0,3.0,4.0
3386,3.0,4.0,3.0
3387,4.0,4.0,3.0
3388,3.0,3.0,3.0
3389,2.0,2.0,2.0
3390,3.0,3.0,4.0
3391,1.0,4.0,3.0
3392,3.0,1.0,3.0
3393,4.0,3.0,3.0
3394,4.0,1.0,3.0
3395,2.0,4.0,3.0
3396,4.0,4.0,3.0
3397,4.0,4.0,2.0
3398,3.0,2.0,3.0
3399,1.0,3.0,4.0
3400,3.0,2.0,3.0
3401,4.0,1.0,3.0
3402,4.0,4.0,3.0
3403,1.0,3.0,3.0
3404,4.0,3.0,3.0
3405,3.0,3.0,2.0
3406,4.0,3.0,3.0
3407,4.0,3.0,3.0
3408,3.0,2.0,1.0
3409,3.0,1.0,3.0
3410,2.0,4.0,3.0
3411,3.0,3.0,3.0
3412,3.0,3.0,2.0
3413,2.0,1.0,2.0
3414,4.0,1.0,3.0
3415,2.0,2.0,3.0
3416,4.0,4.0,3.0
3417,2.0,1.0,2.0
3418,1.0,3.0,3.0
3419,3.0,3.0,3.0
3420,4.0,3.0,3.0
3421,4.0,4.0,3.0
3422,1.0,4.0,3.0
3423,2.0,4.0,2.0
3424,4.0,3.0,4.0
3425,1.0,4.0,3.0
3426,3.0,4.0,3.0
3427,1.0,2.0,1.0
3428,3.0,2.0,3.0
3429,2.0,3.0,3.0
3430,2.0,4.0,3.0
3431,2.0,1.0,3.0
3432,1.0,4.0,3.0
3433,4.0,4.0,3.0
3434,4.0,3.0,3.0
3435,3.0,1.0,3.0
3436,4.0,1.0,3.0
3437,2.0,4.0,2.0
3438,4.0,4.0,4.0
3439,4.0,3.0,3.0
3440,2.0,4.0,2.0
3441,2.0,4.0,1.0
3442,2.0,2.0,3.0
3443,3.0,2.0,3.0
3444,1.0,3.0,2.0
3445,1.0,1.0,3.0
3446,3.0,3.0,3.0
3447,4.0,2.0,3.0
3448,3.0,3.0,3.0
3449,2.0,3.0,2.0
3450,4.0,2.0,2.0
3451,3.0,1.0,2.0
3452,1.0,3.0,3.0
3453,4.0,4.0,3.0
3454,3.0,3.0,3.0
3455,1.0,3.0,3.0
3456,4.0,4.0,2.0
3457,3.0,1.0,4.0
3458,3.0,4.0,3.0
3459,4.0,4.0,3.0
3460,3.0,1.0,2.0
3461,4.0,1.0,3.0
3462,1.0,3.0,4.0
3463,2.0,1.0,2.0
3464,1.0,1.0,3.0
3465,3.0,1.0,2.0
3466,2.0,3.0,3.0
3467,3.0,3.0,2.0
3468,1.0,4.0,3.0
3469,1.0,3.0,3.0
3470,4.0,2.0,3.0
3471,3.0,3.0,4.0
3472,2.0,1.0,3.0
3473,4.0,4.0,3.0
3474,4.0,1.0,3.0
3475,1.0,3.0,3.0
3476,1.0,3.0,2.0
3477,1.0,4.0,2.0
3478,4.0,4.0,3.0
3479,4.0,4.0,4.0
3480,1.0,3.0,2.0
3481,1.0,2.0,3.0
3482,4.0,1.0,3.0
3483,1.0,2.0,3.0
3484,4.0,3.0,3.0
3485,4.0,2.0,3.0
3486,3.0,4.0,3.0
3487,1.0,4.0,2.0
3488,2.0,3.0,3.0
3489,2.0,2.0,3.0
3490,3.0,3.0,3.0
3491,3.0,4.0,3.0
3492,4.0,2.0,2.0
3493,1.0,3.0,3.0
3494,4.0,2.0,3.0
3495,3.0,1.0,3.0
3496,1.0,4.0,3.0
3497,3.0,3.0,4.0
3498,4.0,2.0,4.0
3499,3.0,2.0,2.0
3500,1.0,4.0,3.0
3501,3.0,4.0,3.0
3502,1.0,2.0,1.0
3503,4.0,4.0,3.0
3504,4.0,2.0,3.0
3505,4.0,3.0,2.0
3506,4.0,2.0,2.0
3507,2.0,4.0,3.0
3508,2.0,4.0,2.0
3509,3.0,3.0,4.0
3510,3.0,3.0,3.0
3511,3.0,3.0,3.0
3512,1.0,1.0,3.0
3513,2.0,4.0,3.0
3514,3.0,3.0,2.0
3515,3.0,4.0,3.0
3516,4.0,3.0,3.0
3517,2.0,3.0,2.0
3518,3.0,3.0,1.0
3519,4.0,1.0,1.0
3520,2.0,3.0,2.0
3521,3.0,1.0,2.0
3522,2.0,1.0,4.0
3523,4.0,3.0,3.0
3524,4.0,2.0,3.0
3525,3.0,4.0,2.0
3526,1.0,4.0,3.0
3527,3.0,3.0,3.0
3528,3.0,4.0,1.0
3529,3.0,2.0,4.0
3530,4.0,1.0,3.0
3531,4.0,4.0,4.0
3532,1.0,3.0,2.0
3533,3.0,1.0,3.0
3534,4.0,1.0,3.0
3535,3.0,4.0,3.0
3536,3.0,1.0,3.0
3537,1.0,3.0,2.0
3538,4.0,4.0,2.0
3539,1.0,3.0,2.0
3540,3.0,3.0,3.0
3541,4.0,3.0,3.0
3542,2.0,4.0,2.0
3543,3.0,4.0,3.0
3544,3.0,1.0,3.0
3545,4.0,3.0,3.0
3546,2.0,3.0,3.0
3547,1.0,1.0,1.0
3548,3.0,1.0,3.0
3549,2.0,2.0,3.0
3550,4.0,1.0,3.0
3551,4.0,1.0,3.0
3552,4.0,2.0,3.0
3553,3.0,1.0,3.0
3554,4.0,2.0,1.0
3555,2.0,3.0,2.0
3556,3.0,3.0,3.0
3557,3.0,3.0,2.0
3558,4.0,4.0,3.0
3559,3.0,4.0,3.0
3560,4.0,4.0,2.0
3561,4.0,1.0,4.0
3562,2.0,4.0,3.0
3563,3.0,2.0,3.0
3564,4.0,3.0,3.0
3565,3.0,1.0,3.0
3566,1.0,4.0,3.0
3567,2.0,2.0,4.0
3568,3.0,4.0,3.0
3569,4.0,2.0,3.0
3570,1.0,1.0,3.0
3571,3.0,4.0,2.0
3572,1.0,1.0,2.0
3573,4.0,3.0,1.0
3574,1.0,4.0,3.0
3575,1.0,2.0,4.0
3576,1.0,4.0,3.0
3577,4.0,4.0,3.0
3578,3.0,1.0,2.0
3579,3.0,1.0,3.0
3580,3.0,4.0,3.0
3581,3.0,4.0,3.0
3582,1.0,3.0,4.0
3583,3.0,2.0,2.0
3584,4.0,2.0,2.0
3585,1.0,3.0,3.0
3586,3.0,4.0,3.0
3587,4.0,4.0,4.0
3588,4.0,4.0,2.0
3589,3.0,3.0,2.0
3590,2.0,2.0,3.0
3591,4.0,3.0,3.0
3592,2.0,4.0,3.0
3593,4.0,3.0,3.0
3594,3.0,4.0,3.0
3595,3.0,4.0,2.0
3596,1.0,2.0,3.0
3597,4.0,2.0,3.0
3598,1.0,3.0,1.0
3599,4.0,2.0,3.0
3600,3.0,1.0,3.0
3601,4.0,2.0,2.0
3602,4.0,4.0,2.0
3603,3.0,2.0,4.0
3604,4.0,3.0,2.0
3605,3.0,1.0,2.0
3606,3.0,2.0,4.0
3607,3.0,3.0,3.0
3608,2.0,2.0,3.0
3609,4.0,4.0,4.0
3610,3.0,2.0,3.0
3611,1.0,4.0,3.0
3612,4.0,4.0,3.0
3613,2.0,3.0,2.0
3614,3.0,3.0,3.0
3615,2.0,3.0,3.0
3616,4.0,1.0,2.0
3617,4.0,2.0,2.0
3618,3.0,4.0,4.0
3619,2.0,2.0,3.0
3620,3.0,2.0,3.0
3621,1.0,3.0,3.0
3622,4.0,3.0,3.0
3623,3.0,1.0,3.0
3624,1.0,4.0,3.0
3625,4.0,3.0,3.0
3626,4.0,1.0,4.0
3627,3.0,4.0,3.0
3628,4.0,1.0,3.0
3629,4.0,2.0,3.0
3630,2.0,2.0,2.0
3631,2.0,1.0,3.0
3632,1.0,3.0,3.0
3633,4.0,3.0,2.0
3634,3.0,2.0,3.0
3635,4.0,2.0,4.0
3636,1.0,1.0,4.0
3637,3.0,3.0,2.0
3638,4.0,3.0,3.0
3639,4.0,2.0,3.0
3640,3.0,3.0,3.0
3641,4.0,4.0,2.0
3642,3.0,4.0,3.0
3643,3.0,1.0,3.0
3644,3.0,3.0,3.0
3645,3.0,2.0,3.0
3646,2.0,1.0,3.0
3647,3.0,1.0,4.0
3648,4.0,4.0,2.0
3649,3.0,1.0,2.0
3650,2.0,2.0,3.0
3651,1.0,1.0,2.0
3652,4.0,4.0,3.0
3653,3.0,4.0,3.0
3654,4.0,2.0,2.0
3655,4.0,4.0,3.0
3656,4.0,4.0,3.0
3657,4.0,4.0,3.0
3658,1.0,3.0,2.0
3659,4.0,2.0,3.0
3660,1.0,3.0,3.0
3661,2.0,3.0,3.0
3662,2.0,3.0,3.0
3663,3.0,4.0,4.0
3664,4.0,3.0,2.0
3665,4.0,3.0,3.0
3666,3.0,4.0,4.0
3667,3.0,1.0,3.0
3668,4.0,3.0,2.0
3669,1.0,4.0,4.0
3670,2.0,2.0,3.0
3671,4.0,4.0,2.0
3672,3.0,3.0,3.0
3673,2.0,4.0,4.0
3674,3.0,2.0,2.0
3675,3.0,3.0,3.0
3676,1.0,3.0,2.0
3677,4.0,3.0,2.0
3678,1.0,3.0,1.0
3679,4.0,4.0,3.0
3680,4.0,3.0,3.0
3681,1.0,4.0,3.0
3682,3.0,1.0,3.0
3683,3.0,1.0,1.0
3684,1.0,3.0,3.0
3685,3.0,4.0,3.0
3686,1.0,4.0,2.0
3687,3.0,1.0,3.0
3688,2.0,1.0,2.0
3689,1.0,1.0,3.0
3690,3.0,4.0,3.0
3691,4.0,4.0,2.0
3692,4.0,1.0,3.0
3693,2.0,4.0,4.0
3694,1.0,2.0,3.0
3695,2.0,3.0,3.0
3696,4.0,1.0,3.0
3697,1.0,2.0,4.0
3698,4.0,1.0,3.0
3699,1.0,2.0,4.0
3700,2.0,1.0,4.0
3701,1.0,4.0,2.0
3702,3.0,1.0,2.0
3703,1.0,4.0,2.0
3704,1.0,1.0,3.0
3705,3.0,3.0,1.0
3706,1.0,1.0,4.0
3707,1.0,3.0,4.0
3708,4.0,3.0,3.0
3709,4.0,4.0,2.0
3710,4.0,2.0,2.0
3711,2.0,3.0,2.0
3712,3.0,3.0,4.0
3713,1.0,4.0,3.0
3714,1.0,4.0,4.0
3715,1.0,1.0,4.0
3716,3.0,2.0,3.0
3717,2.0,1.0,3.0
3718,4.0,2.0,3.0
3719,2.0,4.0,1.0
3720,2.0,4.0,4.0
3721,3.0,1.0,3.0
3722,1.0,3.0,3.0
3723,4.0,2.0,3.0
3724,4.0,1.0,3.0
3725,3.0,3.0,3.0
3726,4.0,2.0,2.0
3727,1.0,3.0,2.0
3728,3.0,3.0,4.0
3729,4.0,2.0,2.0
3730,4.0,1.0,3.0
3731,4.0,1.0,3.0
3732,4.0,3.0,2.0
3733,1.0,4.0,3.0
3734,1.0,3.0,2.0
3735,3.0,3.0,2.0
3736,2.0,3.0,2.0
3737,3.0,2.0,3.0
3738,2.0,1.0,2.0
3739,1.0,3.0,4.0
3740,1.0,2.0,1.0
3741,1.0,2.0,4.0
3742,4.0,3.0,3.0
3743,2.0,1.0,2.0
3744,4.0,2.0,3.0
3745,2.0,3.0,2.0
3746,3.0,3.0,3.0
3747,3.0,3.0,4.0
3748,4.0,3.0,3.0
3749,1.0,2.0,3.0
3750,3.0,3.0,2.0
3751,3.0,1.0,2.0
3752,1.0,3.0,1.0
3753,3.0,1.0,3.0
3754,3.0,1.0,3.0
3755,4.0,2.0,3.0
3756,3.0,2.0,2.0
3757,4.0,3.0,3.0
3758,3.0,4.0,4.0
3759,2.0,4.0,3.0
3760,1.0,1.0,1.0
3761,4.0,1.0,4.0
3762,2.0,2.0,3.0
3763,3.0,2.0,4.0
3764,4.0,2.0,1.0
3765,1.0,3.0,3.0
3766,4.0,1.0,1.0
3767,4.0,3.0,3.0
3768,4.0,3.0,1.0
3769,3.0,4.0,3.0
3770,2.0,3.0,3.0
3771,3.0,2.0,3.0
3772,1.0,4.0,3.0
3773,3.0,1.0,3.0
3774,4.0,2.0,3.0
3775,4.0,4.0,3.0
3776,4.0,4.0,1.0
3777,1.0,1.0,4.0
3778,2.0,3.0,3.0
3779,3.0,3.0,3.0
3780,3.0,1.0,3.0
3781,4.0,4.0,3.0
3782,1.0,2.0,3.0
3783,2.0,3.0,3.0
3784,4.0,2.0,3.0
3785,3.0,4.0,2.0
3786,3.0,3.0,3.0
3787,3.0,3.0,2.0
3788,1.0,1.0,1.0
3789,2.0,1.0,3.0
3790,3.0,3.0,3.0
3791,4.0,1.0,3.0
3792,3.0,2.0,3.0
3793,1.0,1.0,3.0
3794,3.0,4.0,3.0
3795,3.0,2.0,3.0
3796,4.0,1.0,2.0
3797,3.0,1.0,2.0
3798,1.0,4.0,1.0
3799,3.0,4.0,3.0
3800,2.0,4.0,2.0
3801,1.0,4.0,3.0
3802,3.0,2.0,3.0
3803,2.0,2.0,4.0
3804,2.0,3.0,3.0
3805,2.0,1.0,3.0
3806,1.0,3.0,3.0
3807,4.0,3.0,3.0
3808,1.0,4.0,4.0
3809,3.0,3.0,3.0
3810,4.0,3.0,3.0
3811,1.0,1.0,3.0
3812,4.0,4.0,3.0
3813,2.0,3.0,2.0
3814,4.0,3.0,2.0
3815,4.0,1.0,3.0
3816,4.0,2.0,3.0
3817,3.0,4.0,2.0
3818,4.0,1.0,1.0
3819,3.0,2.0,3.0
3820,2.0,3.0,2.0
3821,2.0,3.0,3.0
3822,2.0,4.0,3.0
3823,2.0,4.0,2.0
3824,2.0,2.0,2.0
3825,3.0,1.0,3.0
3826,1.0,1.0,3.0
3827,4.0,1.0,3.0
3828,3.0,3.0,3.0
3829,3.0,4.0,3.0
3830,3.0,1.0,2.0
3831,2.0,1.0,3.0
3832,4.0,1.0,3.0
3833,2.0,1.0,3.0
3834,2.0,1.0,2.0
3835,3.0,4.0,3.0
3836,2.0,4.0,4.0
3837,4.0,3.0,3.0
3838,3.0,3.0,3.0
3839,1.0,3.0,3.0
3840,3.0,3.0,3.0
3841,3.0,3.0,2.0
3842,1.0,3.0,1.0
3843,4.0,4.0,3.0
3844,4.0,3.0,4.0
3845,4.0,1.0,3.0
3846,2.0,2.0,1.0
3847,3.0,4.0,2.0
3848,1.0,4.0,3.0
3849,3.0,4.0,3.0
3850,1.0,4.0,2.0
3851,1.0,4.0,3.0
3852,2.0,3.0,3.0
3853,4.0,4.0,2.0
3854,1.0,1.0,1.0
3855,3.0,3.0,3.0
3856,2.0,1.0,3.0
3857,4.0,3.0,3.0
3858,4.0,2.0,3.0
3859,1.0,2.0,3.0
3860,4.0,1.0,3.0
3861,3.0,3.0,3.0
3862,4.0,2.0,3.0
3863,1.0,2.0,3.0
3864,3.0,3.0,3.0
3865,4.0,3.0,3.0
3866,4.0,1.0,3.0
3867,2.0,3.0,3.0
3868,3.0,3.0,3.0
3869,4.0,4.0,4.0
3870,4.0,4.0,4.0
3871,1.0,2.0,2.0
3872,4.0,4.0,3.0
3873,4.0,2.0,2.0
3874,1.0,4.0,3.0
3875,4.0,1.0,2.0
3876,4.0,2.0,3.0
3877,2.0,2.0,3.0
3878,3.0,3.0,3.0
3879,4.0,3.0,3.0
3880,4.0,1.0,3.0
3881,3.0,4.0,3.0
3882,1.0,3.0,2.0
3883,3.0,4.0,3.0
3884,4.0,3.0,3.0
3885,4.0,3.0,2.0
3886,2.0,4.0,3.0
3887,4.0,3.0,3.0
3888,4.0,2.0,3.0
3889,4.0,4.0,3.0
3890,1.0,2.0,3.0
3891,2.0,4.0,4.0
3892,3.0,4.0,4.0
3893,2.0,2.0,3.0
3894,3.0,4.0,2.0
3895,2.0,4.0,3.0
3896,3.0,4.0,3.0
3897,3.0,4.0,3.0
3898,1.0,4.0,4.0
3899,4.0,4.0,3.0
3900,3.0,3.0,3.0
3901,4.0,3.0,3.0
3902,4.0,3.0,3.0
3903,3.0,4.0,2.0
3904,3.0,3.0,2.0
3905,4.0,3.0,3.0
3906,3.0,3.0,1.0
3907,4.0,3.0,4.0
3908,4.0,2.0,3.0
3909,1.0,3.0,2.0
3910,2.0,3.0,4.0
3911,3.0,2.0,3.0
3912,2.0,1.0,3.0
3913,2.0,1.0,4.0
3914,3.0,2.0,3.0
3915,4.0,3.0,3.0
3916,2.0,4.0,2.0
3917,3.0,2.0,1.0
3918,3.0,4.0,2.0
3919,2.0,1.0,3.0
3920,1.0,2.0,3.0
3921,3.0,2.0,1.0
3922,4.0,4.0,2.0
3923,4.0,4.0,3.0
3924,4.0,3.0,1.0
3925,2.0,2.0,2.0
3926,3.0,3.0,4.0
3927,4.0,1.0,3.0
3928,1.0,4.0,3.0
3929,3.0,4.0,2.0
3930,1.0,3.0,3.0
3931,3.0,4.0,2.0
3932,2.0,2.0,3.0
3933,4.0,3.0,4.0
3934,3.0,1.0,3.0
3935,4.0,4.0,3.0
3936,4.0,2.0,2.0
3937,4.0,4.0,4.0
3938,1.0,1.0,2.0
3939,3.0,2.0,2.0
3940,1.0,3.0,3.0
3941,4.0,1.0,3.0
3942,3.0,3.0,3.0
3943,2.0,2.0,3.0
3944,2.0,4.0,3.0
3945,3.0,3.0,3.0
3946,2.0,2.0,2.0
3947,3.0,1.0,3.0
3948,4.0,2.0,2.0
3949,3.0,1.0,3.0
3950,4.0,3.0,3.0
3951,1.0,3.0,2.0
3952,2.0,4.0,3.0
3953,4.0,4.0,3.0
3954,2.0,2.0,3.0
3955,4.0,3.0,3.0
3956,3.0,1.0,3.0
3957,1.0,4.0,3.0
3958,1.0,3.0,3.0
3959,2.0,2.0,3.0
3960,3.0,4.0,3.0
3961,4.0,1.0,3.0
3962,3.0,2.0,2.0
3963,3.0,2.0,2.0
3964,3.0,4.0,3.0
3965,4.0,1.0,3.0
3966,3.0,4.0,4.0
3967,3.0,3.0,3.0
3968,2.0,2.0,3.0
3969,3.0,1.0,2.0
3970,2.0,1.0,2.0
3971,2.0,4.0,3.0
3972,1.0,2.0,3.0
3973,4.0,1.0,2.0
3974,4.0,1.0,1.0
3975,3.0,4.0,3.0
3976,1.0,3.0,2.0
3977,2.0,2.0,1.0
3978,3.0,3.0,4.0
3979,1.0,3.0,3.0
3980,4.0,2.0,3.0
3981,4.0,2.0,4.0
3982,3.0,4.0,3.0
3983,2.0,3.0,3.0
3984,2.0,2.0,2.0
3985,2.0,3.0,4.0
3986,3.0,2.0,3.0
3987,2.0,1.0,3.0
3988,4.0,4.0,2.0
3989,1.0,1.0,3.0
3990,3.0,1.0,3.0
3991,2.0,4.0,2.0
3992,3.0,4.0,3.0
3993,1.0,3.0,3.0
3994,2.0,3.0,1.0
3995,4.0,1.0,3.0
3996,1.0,1.0,3.0
3997,3.0,3.0,4.0
3998,4.0,2.0,3.0
3999,1.0,4.0,3.0
4000,4.0,4.0,2.0
4001,4.0,4.0,4.0
4002,4.0,4.0,4.0
4003,3.0,3.0,2.0
4004,2.0,3.0,3.0
4005,4.0,4.0,2.0
4006,3.0,4.0,3.0
4007,4.0,3.0,3.0
4008,4.0,3.0,3.0
4009,3.0,2.0,2.0
4010,1.0,1.0,3.0
4011,2.0,3.0,3.0
4012,4.0,2.0,3.0
4013,1.0,3.0,3.0
4014,4.0,2.0,3.0
4015,4.0,4.0,2.0
4016,3.0,2.0,3.0
4017,4.0,1.0,2.0
4018,4.0,4.0,3.0
4019,2.0,4.0,4.0
4020,2.0,2.0,3.0
4021,2.0,4.0,2.0
4022,4.0,2.0,3.0
4023,2.0,3.0,3.0
4024,2.0,3.0,3.0
4025,3.0,4.0,3.0
4026,4.0,1.0,3.0
4027,4.0,1.0,3.0
4028,4.0,2.0,3.0
4029,2.0,4.0,2.0
4030,2.0,4.0,2.0
4031,1.0,3.0,3.0
4032,2.0,3.0,2.0
4033,1.0,3.0,2.0
4034,4.0,4.0,3.0
4035,2.0,1.0,3.0
4036,4.0,1.0,3.0
4037,1.0,4.0,3.0
4038,3.0,2.0,1.0
4039,3.0,2.0,3.0
4040,3.0,1.0,4.0
4041,3.0,4.0,3.0
4042,4.0,4.0,2.0
4043,1.0,3.0,2.0
4044,3.0,4.0,3.0
4045,2.0,3.0,3.0
4046,2.0,3.0,2.0
4047,3.0,4.0,3.0
4048,3.0,1.0,3.0
4049,1.0,3.0,3.0
4050,2.0,2.0,2.0
4051,3.0,4.0,3.0
4052,4.0,3.0,3.0
4053,3.0,2.0,4.0
4054,4.0,1.0,3.0
4055,1.0,1.0,3.0
4056,4.0,2.0,3.0
4057,4.0,4.0,2.0
4058,1.0,3.0,3.0
4059,2.0,4.0,4.0
4060,2.0,4.0,3.0
4061,2.0,4.0,3.0
4062,1.0,2.0,3.0
4063,2.0,1.0,1.0
4064,3.0,3.0,2.0
4065,3.0,1.0,4.0
4066,1.0,2.0,3.0
4067,1.0,4.0,2.0
4068,4.0,3.0,2.0
4069,3.0,1.0,2.0
4070,1.0,1.0,2.0
4071,3.0,4.0,3.0
4072,4.0,1.0,3.0
4073,3.0,4.0,2.0
4074,1.0,1.0,2.0
4075,3.0,4.0,3.0
4076,4.0,4.0,3.0
4077,4.0,4.0,3.0
4078,1.0,4.0,3.0
4079,1.0,1.0,2.0
4080,1.0,3.0,2.0
4081,4.0,3.0,3.0
4082,1.0,3.0,3.0
4083,4.0,2.0,3.0
4084,3.0,2.0,3.0
4085,4.0,4.0,3.0
4086,2.0,1.0,3.0
4087,4.0,3.0,3.0
4088,3.0,3.0,4.0
4089,3.0,1.0,3.0
4090,2.0,3.0,2.0
4091,4.0,4.0,4.0
4092,4.0,3.0,4.0
4093,2.0,2.0,3.0
4094,3.0,2.0,3.0
4095,4.0,2.0,2.0
4096,4.0,3.0,2.0
4097,1.0,3.0,3.0
4098,2.0,3.0,2.0
4099,4.0,2.0,3.0
4100,1.0,3.0,3.0
4101,1.0,3.0,3.0
4102,4.0,1.0,2.0
4103,4.0,4.0,3.0
4104,3.0,2.0,1.0
4105,4.0,3.0,3.0
4106,4.0,3.0,4.0
4107,2.0,3.0,3.0
4108,2.0,4.0,3.0
4109,3.0,2.0,3.0
4110,1.0,4.0,2.0
4111,2.0,2.0,3.0
4112,1.0,4.0,3.0
4113,2.0,3.0,3.0
4114,3.0,4.0,3.0
4115,3.0,4.0,3.0
4116,1.0,3.0,2.0
4117,1.0,4.0,3.0
4118,2.0,4.0,3.0
4119,3.0,1.0,3.0
4120,4.0,4.0,2.0
4121,4.0,1.0,2.0
4122,1.0,4.0,3.0
4123,4.0,2.0,3.0
4124,3.0,3.0,2.0
4125,1.0,4.0,4.0
4126,1.0,3.0,2.0
4127,4.0,3.0,1.0
4128,1.0,2.0,3.0
4129,4.0,3.0,3.0
4130,4.0,4.0,2.0
4131,3.0,2.0,3.0
4132,4.0,1.0,3.0
4133,3.0,4.0,3.0
4134,1.0,4.0,3.0
4135,2.0,3.0,3.0
4136,2.0,4.0,2.0
4137,4.0,3.0,3.0
4138,3.0,3.0,3.0
4139,3.0,3.0,4.0
4140,3.0,3.0,3.0
4141,3.0,4.0,3.0
4142,4.0,2.0,3.0
4143,4.0,1.0,1.0
4144,4.0,1.0,3.0
4145,2.0,4.0,2.0
4146,2.0,1.0,3.0
4147,4.0,3.0,3.0
4148,3.0,4.0,3.0
4149,4.0,1.0,3.0
4150,2.0,2.0,3.0
4151,4.0,2.0,2.0
4152,2.0,3.0,4.0
4153,2.0,4.0,1.0
4154,3.0,2.0,3.0
4155,4.0,3.0,3.0
4156,4.0,3.0,3.0
4157,1.0,2.0,3.0
4158,4.0,4.0,2.0
4159,3.0,1.0,2.0
4160,4.0,3.0,3.0
4161,4.0,3.0,3.0
4162,3.0,3.0,2.0
4163,1.0,2.0,3.0
4164,4.0,3.0,3.0
4165,1.0,3.0,2.0
4166,2.0,4.0,3.0
4167,3.0,3.0,3.0
4168,2.0,1.0,3.0
4169,1.0,2.0,2.0
4170,4.0,4.0,2.0
4171,1.0,4.0,3.0
4172,4.0,4.0,3.0
4173,1.0,3.0,2.0
4174,3.0,1.0,3.0
4175,1.0,2.0,3.0
4176,3.0,4.0,3.0
4177,2.0,1.0,3.0
4178,3.0,3.0,2.0
4179,2.0,1.0,3.0
4180,3.0,2.0,3.0
4181,1.0,4.0,3.0
4182,2.0,1.0,2.0
4183,3.0,4.0,3.0
4184,4.0,4.0,4.0
4185,4.0,3.0,3.0
4186,4.0,4.0,4.0
4187,2.0,4.0,2.0
4188,4.0,3.0,2.0
4189,1.0,3.0,3.0
4190,4.0,4.0,3.0
4191,2.0,1.0,4.0
4192,3.0,1.0,3.0
4193,3.0,4.0,3.0
4194,4.0,1.0,3.0
4195,1.0,3.0,2.0
4196,4.0,3.0,3.0
4197,3.0,4.0,3.0
4198,2.0,3.0,3.0
4199,2.0,3.0,3.0
4200,2.0,2.0,3.0
4201,1.0,4.0,3.0
4202,4.0,4.0,3.0
4203,1.0,3.0,3.0
4204,3.0,3.0,2.0
4205,2.0,1.0,2.0
4206,3.0,1.0,3.0
4207,3.0,4.0,2.0
4208,1.0,4.0,3.0
4209,2.0,1.0,2.0
4210,3.0,1.0,3.0
4211,4.0,4.0,2.0
4212,1.0,3.0,4.0
4213,1.0,4.0,3.0
4214,4.0,4.0,3.0
4215,2.0,3.0,2.0
4216,1.0,1.0,2.0
4217,3.0,3.0,3.0
4218,4.0,3.0,3.0
4219,2.0,2.0,3.0
4220,2.0,3.0,3.0
4221,2.0,1.0,2.0
4222,4.0,3.0,2.0
4223,1.0,3.0,2.0
4224,3.0,2.0,3.0
4225,3.0,2.0,3.0
4226,2.0,2.0,3.0
4227,2.0,4.0,3.0
4228,3.0,4.0,3.0
4229,3.0,1.0,3.0
4230,4.0,1.0,4.0
4231,1.0,3.0,4.0
4232,2.0,2.0,3.0
4233,4.0,4.0,2.0
4234,2.0,3.0,3.0
4235,1.0,4.0,3.0
4236,2.0,4.0,3.0
4237,1.0,2.0,3.0
4238,4.0,4.0,2.0
4239,3.0,1.0,3.0
4240,4.0,4.0,3.0
4241,3.0,4.0,3.0
4242,3.0,4.0,3.0
4243,3.0,2.0,2.0
4244,3.0,4.0,1.0
4245,3.0,2.0,2.0
4246,3.0,1.0,2.0
4247,2.0,3.0,3.0
4248,1.0,3.0,1.0
4249,1.0,3.0,2.0
4250,2.0,3.0,4.0
4251,4.0,3.0,2.0
4252,2.0,2.0,4.0
4253,3.0,1.0,3.0
4254,4.0,1.0,3.0
4255,4.0,4.0,3.0
4256,1.0,3.0,3.0
4257,3.0,4.0,4.0
4258,3.0,4.0,3.0
4259,1.0,2.0,2.0
4260,3.0,3.0,3.0
4261,4.0,4.0,3.0
4262,2.0,4.0,3.0
4263,1.0,1.0,2.0
4264,1.0,3.0,3.0
4265,4.0,4.0,3.0
4266,2.0,3.0,3.0
4267,3.0,2.0,3.0
4268,3.0,4.0,3.0
4269,3.0,1.0,3.0
4270,2.0,4.0,3.0
4271,1.0,4.0,3.0
4272,3.0,4.0,4.0
4273,1.0,3.0,2.0
4274,3.0,2.0,4.0
4275,2.0,2.0,3.0
4276,1.0,3.0,3.0
4277,2.0,3.0,2.0
4278,3.0,2.0,2.0
4279,4.0,4.0,2.0
4280,4.0,3.0,2.0
4281,3.0,4.0,3.0
4282,3.0,1.0,2.0
4283,2.0,3.0,3.0
4284,3.0,4.0,3.0
4285,2.0,3.0,3.0
4286,3.0,3.0,3.0
4287,3.0,3.0,3.0
4288,2.0,2.0,3.0
4289,1.0,4.0,3.0
4290,4.0,3.0,4.0
4291,1.0,3.0,3.0
4292,3.0,4.0,1.0
4293,1.0,1.0,4.0
4294,3.0,4.0,2.0
4295,4.0,3.0,3.0
4296,1.0,3.0,2.0
4297,4.0,4.0,4.0
4298,4.0,1.0,3.0
4299,2.0,4.0,3.0
4300,4.0,1.0,2.0
4301,3.0,1.0,3.0
4302,2.0,2.0,3.0
4303,2.0,2.0,3.0
4304,3.0,2.0,3.0
4305,2.0,3.0,1.0
4306,2.0,2.0,3.0
4307,2.0,4.0,3.0
4308,4.0,3.0,3.0
4309,2.0,3.0,3.0
4310,2.0,2.0,2.0
4311,3.0,4.0,2.0
4312,3.0,3.0,3.0
4313,3.0,4.0,3.0
4314,4.0,2.0,1.0
4315,3.0,4.0,1.0
4316,3.0,4.0,1.0
4317,3.0,3.0,2.0
4318,3.0,2.0,3.0
4319,1.0,3.0,3.0
4320,2.0,4.0,3.0
4321,1.0,4.0,4.0
4322,3.0,3.0,3.0
4323,3.0,2.0,2.0
4324,3.0,1.0,4.0
4325,4.0,2.0,2.0
4326,3.0,1.0,3.0
4327,3.0,1.0,4.0
4328,3.0,1.0,3.0
4329,3.0,4.0,4.0
4330,2.0,4.0,2.0
4331,2.0,1.0,3.0
4332,3.0,4.0,3.0
4333,3.0,4.0,3.0
4334,4.0,2.0,3.0
4335,2.0,2.0,2.0
4336,3.0,3.0,2.0
4337,4.0,1.0,3.0
4338,4.0,2.0,3.0
4339,4.0,3.0,3.0
4340,3.0,2.0,3.0
4341,4.0,3.0,2.0
4342,4.0,2.0,3.0
4343,3.0,3.0,3.0
4344,4.0,2.0,2.0
4345,2.0,3.0,3.0
4346,4.0,3.0,4.0
4347,1.0,4.0,3.0
4348,2.0,1.0,2.0
4349,2.0,2.0,3.0
4350,3.0,3.0,3.0
4351,4.0,3.0,3.0
4352,4.0,4.0,1.0
4353,3.0,1.0,3.0
4354,4.0,4.0,3.0
4355,4.0,3.0,4.0
4356,3.0,4.0,4.0
4357,2.0,1.0,3.0
4358,2.0,4.0,2.0
4359,4.0,2.0,2.0
4360,2.0,4.0,3.0
4361,4.0,4.0,1.0
4362,4.0,1.0,3.0
4363,4.0,4.0,2.0
4364,3.0,3.0,3.0
4365,4.0,3.0,3.0
4366,2.0,2.0,1.0
4367,4.0,1.0,3.0
4368,4.0,4.0,3.0
4369,3.0,1.0,2.0
4370,3.0,3.0,2.0
4371,4.0,4.0,3.0
4372,4.0,1.0,3.0
4373,4.0,2.0,4.0
4374,3.0,2.0,3.0
4375,2.0,4.0,3.0
4376,1.0,3.0,2.0
4377,3.0,3.0,3.0
4378,3.0,4.0,3.0
4379,1.0,4.0,3.0
4380,2.0,4.0,3.0
4381,3.0,3.0,4.0
4382,3.0,4.0,2.0
4383,3.0,4.0,2.0
4384,3.0,4.0,3.0
4385,2.0,3.0,2.0
4386,4.0,4.0,2.0
4387,3.0,4.0,1.0
4388,4.0,4.0,3.0
4389,1.0,1.0,4.0
4390,1.0,3.0,4.0
4391,3.0,2.0,3.0
4392,4.0,3.0,1.0
4393,3.0,3.0,3.0
4394,3.0,4.0,3.0
4395,3.0,1.0,2.0
4396,1.0,4.0,3.0
4397,3.0,4.0,3.0
4398,2.0,3.0,3.0
4399,3.0,4.0,2.0
4400,4.0,1.0,3.0
4401,3.0,1.0,2.0
4402,1.0,3.0,3.0
4403,1.0,3.0,3.0
4404,3.0,3.0,3.0
4405,3.0,4.0,3.0
4406,4.0,1.0,3.0
4407,4.0,4.0,3.0
4408,1.0,3.0,3.0
4409,4.0,1.0,3.0
4410,1.0,3.0,3.0
