EmployeeID,Total_Hours
1,1710.69
2,1821.68
3,1697.2
4,1690.51
5,1961.51
6,2558.67
7,1606.27
8,1634.33
9,1664.39
10,1656.74
11,2025.24
12,1703.62
13,2130.02
14,2208.98
15,1467.61
16,1589.13
17,1502.52
18,2709.52
19,1614.78
20,2146.81
21,1761.06
22,1400.01
23,1949.29
24,1647.3
25,1638.52
26,2256.24
27,2623.53
28,1794.65
29,2667.55
30,1571.19
31,2406.04
32,1623.74
33,2461.26
34,1502.44
35,1580.73
36,2383.16
37,2415.82
38,1375.3
39,1538.14
40,1837.95
41,1757.95
42,1784.77
43,1682.54
44,1682.13
45,1757.18
46,1721.49
47,1794.65
48,1856.37
49,1583.27
50,1574.66
51,2636.7
52,2162.78
53,1632.72
54,1726.59
55,2101.03
56,1608.01
57,2691.59
58,1744.85
59,2417.57
60,1889.42
61,2604.07
62,2508.58
63,2326.0
64,1605.5
65,1777.01
66,2649.63
67,1434.88
68,1500.31
69,1385.38
70,2453.05
71,1795.99
72,1578.0
73,1480.38
74,2152.22
75,1414.7
76,1717.72
77,1718.22
78,2290.16
79,2409.89
80,1650.76
81,1760.67
82,1483.45
83,1416.26
84,2173.92
85,2481.43
86,2046.56
87,1843.5
88,1683.95
89,2315.58
90,1857.11
91,1489.37
92,1469.32
93,2013.6
94,1783.87
95,1704.97
96,2667.17
97,2548.33
98,1456.62
99,1461.03
100,1984.59
101,1695.03
102,1691.0
103,1487.02
104,1893.94
105,1828.89
106,2427.6
107,1846.45
108,1391.63
109,1767.98
110,1584.77
111,2175.26
112,2658.3
113,1378.9
114,1908.21
115,1821.38
116,1448.33
117,1651.98
118,1878.05
119,1737.22
120,1404.58
121,2141.58
122,2049.46
123,2298.42
124,1594.02
125,1679.85
126,1452.12
127,1502.41
128,1966.0
129,1548.5
130,1537.09
131,1758.42
132,2430.43
133,1742.68
134,1783.89
135,1361.77
136,1605.13
137,1422.6
138,1742.18
139,2113.19
140,2527.84
141,2491.24
142,1637.99
143,2207.25
144,1773.49
145,1858.56
146,1596.42
147,1461.49
148,1527.46
149,1991.4
150,1608.68
151,1716.0
152,1589.62
153,1684.17
154,1430.13
155,1803.64
156,1569.64
157,2513.15
158,1408.4
159,2036.28
160,1380.31
161,1425.96
162,1849.9
163,1736.52
164,1576.35
165,1850.02
166,1605.8
167,1453.13
168,1744.28
169,1508.74
170,1667.35
171,1796.09
172,1646.85
173,1517.27
174,1843.94
175,1775.12
176,2148.01
177,1505.24
178,1983.77
179,1699.49
180,1560.38
181,2147.99
182,1502.14
183,2605.95
184,1843.31
185,1763.94
186,1502.14
187,1566.09
188,1729.45
189,1424.17
190,1401.42
191,1781.45
192,1709.0
193,2111.39
194,2550.59
195,1674.73
196,2242.48
197,1685.61
198,1784.02
199,1570.54
200,2224.49
201,1644.53
202,2137.29
203,1377.7
204,1442.33
205,1518.25
206,2039.08
207,1773.56
208,1412.73
209,1841.8
210,1809.1
211,2214.47
212,1444.37
213,1459.47
214,1438.8
215,1635.09
216,2598.39
217,2075.1
218,1786.79
219,1583.09
220,1656.54
221,1681.91
222,2663.06
223,1602.49
224,2057.4
225,1597.35
226,1893.95
227,1476.66
228,1885.21
229,2158.54
230,1715.76
231,1760.34
232,2127.96
233,1646.19
234,2217.72
235,1662.93
236,1528.58
237,1957.68
238,1549.45
239,1663.61
240,2007.44
241,1370.48
242,1711.31
243,2269.29
244,1732.43
245,1671.73
246,1777.8
247,1726.9
248,2431.02
249,1479.17
250,1593.71
251,1577.44
252,1818.61
253,1461.11
254,2536.6
255,1610.74
256,2053.72
257,2559.05
258,1554.89
259,1659.05
260,1851.07
261,1645.3
262,1787.45
263,1632.63
264,2079.37
265,1741.52
266,2243.33
267,1582.41
268,1810.56
269,1564.01
270,1848.4
271,2018.43
272,1669.5
273,1503.95
274,1824.47
275,1551.71
276,2085.08
277,1553.88
278,1750.29
279,1566.26
280,1740.89
281,1437.17
282,1676.78
283,1854.54
284,1432.8
285,2247.37
286,1472.07
287,1901.94
288,1752.42
289,1556.83
290,2391.3
291,1675.08
292,1557.1
293,1802.59
294,1517.3
295,1662.7
296,2058.77
297,1830.16
298,1622.1
299,1424.82
300,1639.72
301,1771.81
302,2583.97
303,1473.81
304,1378.78
305,2391.91
306,1781.32
307,1405.05
308,1851.0
309,2321.94
310,1899.11
311,1906.9
312,1717.61
313,1745.51
314,1642.9
315,1510.45
316,1424.23
317,1482.43
318,2174.02
319,1620.78
320,2297.62
321,2616.14
322,1599.52
323,1903.03
324,1634.47
325,1568.13
326,1817.35
327,1893.11
328,1890.1
329,1642.5
330,1439.44
331,1512.76
332,2652.49
333,1683.48
334,1932.81
335,2253.1
336,1759.12
337,1800.15
338,2063.95
339,1844.17
340,2429.54
341,1426.63
342,1509.52
343,1846.38
344,1597.48
345,2297.58
346,1529.09
347,1842.39
348,1838.01
349,1615.27
350,1452.35
351,1453.84
352,1694.25
353,2455.61
354,1664.76
355,2417.89
356,1667.96
357,1839.61
358,1791.28
359,1412.55
360,1510.02
361,1527.12
362,1450.73
363,1594.65
364,2280.47
365,1822.71
366,1474.78
367,2545.83
368,2020.19
369,1593.95
370,1775.26
371,1471.15
372,1428.19
373,1503.89
374,2647.06
375,1842.03
376,1837.05
377,2529.54
378,2014.15
379,2310.11
380,1805.83
381,1847.48
382,1800.14
383,1739.07
384,1601.44
385,1649.06
386,2297.96
387,2423.6
388,2273.46
389,1483.29
390,1676.78
391,1741.07
392,1627.32
393,1775.03
394,2606.63
395,1969.25
396,1507.7
397,1686.26
398,2212.84
399,2476.18
400,1529.21
401,2335.99
402,1456.67
403,2562.1
404,1585.3
405,1662.67
406,1930.09
407,2512.65
408,2011.09
409,2362.36
410,2404.82
411,1811.84
412,2549.24
413,1835.68
414,1899.75
415,1568.24
416,2510.48
417,1988.55
418,1477.82
419,2470.55
420,1622.1
421,1601.05
422,1728.36
423,1554.31
424,1728.02
425,1714.04
426,2074.32
427,1370.95
428,1842.17
429,2496.33
430,1688.93
431,2558.22
432,1472.24
433,1924.13
434,1994.5
435,1854.99
436,2324.0
437,1468.21
438,1418.07
439,1495.26
440,1744.9
441,1509.86
442,1663.65
443,1719.44
444,1578.61
445,1832.71
446,1846.82
447,1734.53
448,1497.3
449,2245.05
450,2371.53
451,1647.0
452,1948.66
453,1840.72
454,2426.3
455,1833.83
456,1689.5
457,1699.15
458,2164.63
459,1826.25
460,1649.29
461,2106.21
462,1929.25
463,2468.7
464,2303.73
465,1880.01
466,1666.63
467,1608.77
468,2162.42
469,1524.97
470,1483.58
471,1518.05
472,2301.56
473,2357.47
474,2003.86
475,1734.09
476,1823.5
477,1671.86
478,1939.28
479,1511.33
480,1640.83
481,1682.62
482,1772.65
483,1650.23
484,1830.88
485,1461.13
486,2475.89
487,1542.19
488,2035.75
489,1424.12
490,1911.0
491,1784.74
492,1419.52
493,2659.1
494,1469.19
495,1886.54
496,2596.74
497,1792.28
498,1798.08
499,1713.11
500,1716.65
501,1953.55
502,1627.85
503,1882.83
504,1423.33
505,1896.39
506,2249.24
507,1879.96
508,1806.53
509,2245.28
510,1670.55
511,1382.61
512,1888.65
513,1730.68
514,1794.52
515,1610.64
516,1533.07
517,1386.53
518,1909.94
519,2214.19
520,1516.38
521,2626.34
522,2109.49
523,1728.85
524,1736.52
525,1519.06
526,1867.2
527,1677.53
528,1885.9
529,1945.85
530,1555.53
531,1606.9
532,1491.82
533,1494.07
534,2296.1
535,1785.1
536,1639.65
537,1565.03
538,2592.7
539,2615.99
540,1819.88
541,2389.46
542,1654.7
543,1479.78
544,2573.95
545,1954.02
546,1630.56
547,1416.0
548,1395.62
549,1931.72
550,2642.36
551,1454.46
552,1634.48
553,1522.98
554,1714.44
555,1737.25
556,1677.55
557,1454.04
558,2482.42
559,1443.45
560,1655.02
561,1506.23
562,1706.35
563,1510.57
564,1649.61
565,1846.01
566,1647.75
567,1771.74
568,2670.15
569,1474.3
570,2521.6
571,1636.45
572,2102.22
573,1933.58
574,1646.93
575,1952.5
576,1727.7
577,1629.96
578,1646.11
579,1623.45
580,1571.16
581,1852.29
582,1777.54
583,1603.78
584,1803.09
585,2449.27
586,1827.67
587,1853.11
588,2534.28
589,1634.86
590,1820.68
591,1916.76
592,1817.45
593,1503.62
594,1419.8
595,1777.51
596,1741.17
597,2146.64
598,1646.33
599,1567.69
600,2402.97
601,1457.08
602,2108.01
603,2341.23
604,1414.39
605,1431.64
606,1853.46
607,1723.63
608,1753.62
609,1534.92
610,1727.57
611,1626.4
612,1727.71
613,2005.62
614,1489.68
615,1360.03
616,1507.63
617,1454.16
618,1799.03
619,1494.89
620,1429.62
621,1800.45
622,2059.61
623,1707.45
624,1963.93
625,1912.64
626,1417.0
627,1676.95
628,1955.5
629,2185.64
630,2334.56
631,2393.06
632,2138.06
633,1510.1
634,1405.36
635,1979.78
636,1696.57
637,1871.96
638,2062.04
639,1716.05
640,1768.91
641,1569.14
642,1534.71
643,1479.07
644,1472.63
645,1844.32
646,2154.88
647,1489.5
648,1646.36
649,1424.27
650,1636.35
651,2581.24
652,2512.62
653,1699.13
654,2245.96
655,2128.55
656,2281.98
657,2309.49
658,1830.32
659,1642.46
660,2140.5
661,2702.6
662,1542.59
663,1630.97
664,2386.11
665,1834.93
666,1761.8
667,2578.59
668,2204.61
669,1481.47
670,2620.25
671,1417.5
672,2252.62
673,1600.33
674,2321.37
675,1967.19
676,1584.32
677,1852.12
678,1544.79
679,1451.66
680,2047.19
681,1376.1
682,1544.91
683,1868.84
684,1475.65
685,1613.48
686,1819.14
687,1899.25
688,2424.3
689,2342.51
690,2373.93
691,2539.19
692,1465.45
693,2322.71
694,1815.42
695,2133.52
696,1370.47
697,2314.09
698,1505.01
699,1857.09
700,1753.49
701,1763.25
702,1458.66
703,1802.61
704,2224.15
705,2266.56
706,1561.94
707,1660.71
708,1433.19
709,1948.74
710,1392.34
711,1428.89
712,1845.1
713,1701.0
714,1695.54
715,1925.24
716,1643.29
717,1744.07
718,2116.49
719,2443.18
720,1497.77
721,1534.76
722,1691.32
723,1829.47
724,2201.87
725,1444.81
726,1843.47
727,1573.01
728,2604.03
729,2532.29
730,1628.61
731,2542.02
732,2474.5
733,1867.09
734,2414.23
735,1580.65
736,1741.48
737,2158.02
738,2313.51
739,2384.96
740,2409.45
741,1416.8
742,1439.84
743,1522.39
744,1730.11
745,1767.79
746,1817.77
747,1558.55
748,1498.52
749,1685.77
750,1965.87
751,1425.57
752,2610.65
753,1743.61
754,2200.04
755,1752.83
756,1847.01
757,1720.78
758,1733.52
759,1881.06
760,1747.1
761,1506.38
762,1792.45
763,1846.07
764,1711.48
765,1771.62
766,1536.63
767,1518.22
768,2283.39
769,1773.98
770,1385.13
771,2551.3
772,1469.87
773,1609.0
774,1586.78
775,2287.26
776,1558.98
777,2467.75
778,1502.8
779,2504.95
780,2483.1
781,1672.98
782,1732.93
783,1944.2
784,1511.92
785,1518.83
786,1616.88
787,1634.91
788,1563.31
789,1689.39
790,1734.65
791,1623.74
792,1448.05
793,1657.11
794,1773.66
795,1401.8
796,1743.47
797,1626.91
798,1443.94
799,1595.28
800,1894.43
801,2060.1
802,1498.72
803,1985.58
804,1756.77
805,2501.11
806,1708.34
807,1476.56
808,2512.42
809,1927.24
810,2603.93
811,1851.68
812,1469.43
813,1580.47
814,1491.2
815,1737.65
816,1373.91
817,1954.1
818,1774.39
819,1596.1
820,1572.09
821,1804.92
822,1624.53
823,1692.67
824,1420.66
825,1804.05
826,1752.8
827,2407.85
828,1463.86
829,2356.16
830,2434.67
831,1582.98
832,1849.5
833,1476.13
834,1679.59
835,1444.7
836,1968.57
837,1536.52
838,2569.38
839,2057.45
840,1475.28
841,2028.64
842,1562.93
843,1803.18
844,1753.1
845,2217.85
846,1862.74
847,1869.94
848,1663.45
849,1689.18
850,1655.99
851,1661.19
852,1514.71
853,2246.89
854,1587.97
855,1846.84
856,1727.22
857,1649.99
858,1773.9
859,1491.1
860,1398.55
861,1745.08
862,1653.44
863,1680.84
864,1715.76
865,1921.8
866,2120.27
867,1903.37
868,1619.39
869,2252.96
870,1599.37
871,2165.92
872,1457.25
873,1559.59
874,1390.94
875,1525.53
876,1602.97
877,1705.69
878,1590.39
879,1994.91
880,2105.09
881,2290.33
882,1471.95
883,2133.63
884,1529.0
885,2183.25
886,1842.77
887,1664.71
888,2674.64
889,1458.42
890,1743.67
891,1510.49
892,1479.98
893,1786.73
894,1772.23
895,1851.99
896,2040.63
897,1461.62
898,1552.62
899,1745.0
900,1424.12
901,1910.57
902,1545.22
903,1770.75
904,2234.12
905,1431.99
906,1834.62
907,2203.05
908,1993.69
909,1621.47
910,2524.9
911,2076.37
912,1649.19
913,1557.66
914,2558.77
915,1714.27
916,1836.44
917,1420.84
918,1578.28
919,1864.43
920,1869.25
921,1543.79
922,1795.7
923,1364.92
924,2056.81
925,1916.93
926,1501.8
927,1744.36
928,1847.04
929,1935.77
930,1741.94
931,2601.25
932,1455.55
933,1504.59
934,1788.53
935,2278.38
936,1881.42
937,1570.39
938,1520.12
939,2641.15
940,1856.56
941,2248.61
942,1358.59
943,1986.66
944,1942.53
945,1765.81
946,1877.62
947,2342.19
948,1814.12
949,1761.61
950,1894.29
951,1848.78
952,1452.91
953,1798.81
954,1582.82
955,1637.23
956,2259.03
957,2032.8
958,1901.52
959,1942.44
960,1603.98
961,1624.99
962,1830.82
963,1452.14
964,1492.43
965,1512.66
966,1608.38
967,1891.35
968,1493.31
969,1561.22
970,1639.41
971,1783.95
972,2318.79
973,1389.91
974,1848.48
975,1667.87
976,1666.31
977,1806.78
978,2263.65
979,2480.11
980,1697.41
981,1416.18
982,1537.79
983,2519.02
984,1861.68
985,1921.32
986,1868.71
987,1475.08
988,1398.45
989,1545.07
990,1750.17
991,1443.57
992,1558.51
993,2113.18
994,1855.08
995,2354.75
996,1684.07
997,1893.6
998,1887.45
999,1930.27
1000,1498.59
1001,1422.01
1002,1631.45
1003,1371.69
1004,2119.57
1005,2017.74
1006,1563.98
1007,1764.63
1008,1557.6
1009,1496.42
1010,1953.73
1011,1880.96
1012,1424.69
1013,1879.64
1014,1759.6
1015,1505.58
1016,2157.31
1017,1692.28
1018,1592.66
1019,1929.82
1020,2454.71
1021,2291.14
1022,2135.52
1023,1393.36
1024,1967.33
1025,1960.33
1026,1694.18
1027,1648.25
1028,1626.4
1029,1517.87
1030,1524.09
1031,1582.48
1032,1903.86
1033,1815.61
1034,1508.65
1035,1481.49
1036,1676.48
1037,1833.04
1038,2518.91
1039,1703.81
1040,1999.7
1041,1952.11
1042,1535.79
1043,1710.75
1044,1604.86
1045,1688.16
1046,2516.78
1047,1712.86
1048,1622.28
1049,1760.36
1050,1737.06
1051,2263.84
1052,1463.13
1053,2301.29
1054,1798.34
1055,1436.02
1056,2113.12
1057,1671.14
1058,2504.82
1059,1609.29
1060,2469.86
1061,1823.33
1062,1748.37
1063,1538.34
1064,1378.66
1065,1722.43
1066,1792.86
1067,1847.67
1068,1589.0
1069,2467.56
1070,1873.24
1071,1621.89
1072,1875.46
1073,1525.05
1074,1446.65
1075,2009.92
1076,1813.4
1077,1828.63
1078,1564.89
1079,1471.29
1080,1596.31
1081,1753.98
1082,2552.43
1083,2202.88
1084,1765.16
1085,1876.33
1086,1666.12
1087,2019.4
1088,2544.33
1089,1719.81
1090,1474.78
1091,1653.17
1092,2213.82
1093,1753.36
1094,1757.44
1095,1705.63
1096,2394.14
1097,1585.77
1098,1661.92
1099,1468.72
1100,1712.91
1101,1923.59
1102,2201.79
1103,1605.11
1104,1385.0
1105,1852.82
1106,1477.09
1107,2513.05
1108,1565.49
1109,1447.84
1110,1661.01
1111,2178.36
1112,2309.13
1113,1392.79
1114,1822.78
1115,1606.81
1116,2658.77
1117,2432.67
1118,2401.9
1119,1790.8
1120,1476.96
1121,2114.58
1122,1567.01
1123,1600.26
1124,1546.41
1125,2423.81
1126,1718.6
1127,1409.8
1128,1612.09
1129,1638.61
1130,1853.03
1131,1608.59
1132,1640.35
1133,1434.61
1134,1744.7
1135,2027.6
1136,1917.55
1137,1766.3
1138,2393.71
1139,2647.96
1140,1816.2
1141,1903.63
1142,1825.16
1143,1830.38
1144,1923.85
1145,2614.74
1146,1394.4
1147,1509.34
1148,1452.67
1149,2586.04
1150,1657.12
1151,1657.65
1152,1882.53
1153,1478.47
1154,1409.4
1155,1374.55
1156,2375.23
1157,1804.59
1158,1431.85
1159,1857.55
1160,1651.59
1161,1575.33
1162,2383.37
1163,1801.51
1164,1749.21
1165,2454.11
1166,1459.24
1167,1929.18
1168,2193.99
1169,1704.69
1170,1405.56
1171,1424.33
1172,1868.21
1173,1840.22
1174,1856.11
1175,2261.99
1176,1937.1
1177,1660.33
1178,2506.84
1179,1950.16
1180,1538.74
1181,1829.78
1182,1893.58
1183,1851.21
1184,1522.94
1185,2693.19
1186,1805.32
1187,1575.58
1188,1833.01
1189,1698.23
1190,1757.65
1191,1702.04
1192,1580.44
1193,2468.71
1194,1664.34
1195,1686.88
1196,1468.88
1197,1391.54
1198,1466.01
1199,1964.38
1200,1758.79
1201,1641.27
1202,2375.92
1203,1472.32
1204,2327.11
1205,1764.61
1206,1717.51
1207,1792.66
1208,1846.6
1209,1427.03
1210,2126.62
1211,1509.43
1212,1479.46
1213,2001.35
1214,1584.32
1215,2096.22
1216,2247.38
1217,1511.53
1218,1702.81
1219,2338.2
1220,1539.85
1221,1943.39
1222,1895.39
1223,1769.61
1224,2520.3
1225,1433.14
1226,1736.01
1227,2453.06
1228,1840.45
1229,2502.86
1230,2350.69
1231,1899.76
1232,2324.44
1233,1678.64
1234,1482.85
1235,1450.58
1236,1373.39
1237,1813.09
1238,1705.7
1239,2193.41
1240,1667.92
1241,1711.36
1242,1842.1
1243,1573.34
1244,2056.4
1245,1486.2
1246,1513.54
1247,2361.09
1248,1518.1
1249,2167.52
1250,1714.97
1251,2088.09
1252,1560.57
1253,1479.12
1254,1744.94
1255,1869.48
1256,1635.32
1257,1561.0
1258,1365.32
1259,1829.89
1260,1409.65
1261,2273.7
1262,1589.23
1263,2156.61
1264,2521.29
1265,2233.93
1266,2253.7
1267,2458.06
1268,2010.9
1269,1501.82
1270,2047.83
1271,1463.06
1272,1736.89
1273,1856.88
1274,1460.53
1275,2230.29
1276,1625.38
1277,1459.18
1278,1963.59
1279,1637.84
1280,1633.73
1281,1470.42
1282,2160.98
1283,1561.69
1284,1847.37
1285,1449.08
1286,1812.94
1287,1651.37
1288,1475.12
1289,1420.62
1290,2099.61
1291,1616.32
1292,2444.26
1293,2151.79
1294,1833.63
1295,1596.91
1296,2009.0
1297,1938.14
1298,1521.24
1299,1466.91
1300,1608.66
1301,1851.08
1302,1499.79
1303,1703.08
1304,2380.56
1305,1904.84
1306,2128.94
1307,1761.94
1308,1828.12
1309,1831.94
1310,1449.81
1311,1635.34
1312,1636.08
1313,2506.37
1314,1862.66
1315,2635.19
1316,1806.66
1317,1798.04
1318,1687.61
1319,2233.11
1320,2050.93
1321,1856.06
1322,1515.43
1323,1790.01
1324,1955.99
1325,1872.91
1326,1544.15
1327,1421.98
1328,1443.43
1329,1869.66
1330,1900.36
1331,1784.97
1332,2045.19
1333,1827.63
1334,1630.18
1335,2091.09
1336,1604.73
1337,1956.77
1338,1813.69
1339,1766.25
1340,2237.97
1341,1505.64
1342,1726.66
1343,1851.04
1344,1692.21
1345,2059.48
1346,1859.22
1347,1892.13
1348,1604.57
1349,1725.59
1350,1929.87
1351,1839.22
1352,2308.89
1353,1912.22
1354,1696.05
1355,2562.31
1356,1569.87
1357,1567.94
1358,1532.38
1359,1457.84
1360,1771.19
1361,1883.79
1362,1543.96
1363,1596.9
1364,1715.67
1365,2527.22
1366,1561.87
1367,1858.24
1368,1438.79
1369,1863.1
1370,2457.2
1371,1412.67
1372,1618.8
1373,1865.71
1374,1499.52
1375,1509.06
1376,2675.12
1377,2579.38
1378,1446.61
1379,1429.23
1380,1602.92
1381,1486.09
1382,1608.67
1383,2079.08
1384,1727.34
1385,1718.42
1386,1600.12
1387,1893.16
1388,2021.12
1389,1568.47
1390,1665.06
1391,1626.6
1392,1895.47
1393,2455.93
1394,1499.47
1395,2479.44
1396,1559.51
1397,1455.7
1398,1842.83
1399,1464.7
1400,1434.69
1401,1543.73
1402,1715.29
1403,1436.66
1404,1776.6
1405,2149.75
1406,1907.29
1407,1409.29
1408,2410.42
1409,1395.28
1410,1459.7
1411,1422.02
1412,1736.02
1413,1505.53
1414,2359.98
1415,2438.64
1416,2464.97
1417,1966.86
1418,1622.88
1419,2046.77
1420,1732.67
1421,1376.76
1422,1370.58
1423,1844.45
1424,1892.52
1425,1406.95
1426,1588.52
1427,1960.86
1428,2108.97
1429,1625.86
1430,1868.46
1431,1509.92
1432,1483.53
1433,1858.9
1434,1813.55
1435,2432.33
1436,1604.06
1437,1456.56
1438,1483.94
1439,1682.61
1440,1503.43
1441,1450.71
1442,1996.49
1443,1770.13
1444,1490.38
1445,1552.29
1446,1787.47
1447,2514.41
1448,2154.67
1449,1703.78
1450,2076.47
1451,1958.25
1452,2447.01
1453,1503.89
1454,1496.81
1455,1485.82
1456,1790.68
1457,1624.2
1458,1726.04
1459,1547.17
1460,1511.5
1461,1769.92
1462,1826.35
1463,1644.88
1464,1714.13
1465,1744.43
1466,2053.52
1467,1439.48
1468,1870.23
1469,2340.83
1470,1604.3
1471,1726.39
1472,1769.01
1473,1684.0
1474,1664.14
1475,1833.95
1476,2510.57
1477,1575.37
1478,1592.1
1479,1644.93
1480,1660.91
1481,1931.59
1482,1648.51
1483,2240.25
1484,2285.97
1485,1406.74
1486,1629.14
1487,1558.78
1488,2611.64
1489,1613.47
1490,2247.4
1491,1832.02
1492,1434.5
1493,1994.03
1494,1561.43
1495,1694.94
1496,2183.24
1497,2610.51
1498,1777.56
1499,2541.13
1500,1650.65
1501,2355.62
1502,1635.36
1503,2537.97
1504,1418.33
1505,1552.88
1506,2534.29
1507,2428.9
1508,1426.23
1509,1581.36
1510,1791.06
1511,1667.11
1512,1741.55
1513,1581.88
1514,1664.11
1515,1742.53
1516,1669.26
1517,1764.09
1518,1805.87
1519,1600.68
1520,1567.09
1521,2588.1
1522,2231.16
1523,1555.69
1524,1764.34
1525,2073.38
1526,1589.89
1527,2624.34
1528,1877.17
1529,2412.99
1530,1898.36
1531,2624.86
1532,2423.58
1533,2464.67
1534,1544.44
1535,1721.2
1536,2463.56
1537,1457.68
1538,1533.16
1539,1424.15
1540,2351.6
1541,1714.94
1542,1605.55
1543,1461.17
1544,2161.98
1545,1376.82
1546,1728.87
1547,1733.99
1548,2347.53
1549,2581.05
1550,1630.55
1551,1797.37
1552,1374.89
1553,1440.43
1554,2207.98
1555,2384.83
1556,1944.92
1557,1812.2
1558,1703.0
1559,2378.72
1560,1860.25
1561,1441.21
1562,1497.84
1563,2034.05
1564,1878.31
1565,1699.68
1566,2560.38
1567,2465.03
1568,1404.45
1569,1475.54
1570,1960.66
1571,1757.57
1572,1649.06
1573,1508.71
1574,1917.37
1575,1898.86
1576,2539.96
1577,1925.49
1578,1485.72
1579,1757.0
1580,1695.04
1581,2150.69
1582,2484.53
1583,1443.13
1584,1876.3
1585,1858.7
1586,1403.64
1587,1665.08
1588,1792.93
1589,1816.02
1590,1364.34
1591,2144.05
1592,1998.77
1593,2353.37
1594,1586.69
1595,1600.89
1596,1445.62
1597,1458.61
1598,1940.1
1599,1545.1
1600,1582.18
1601,1735.48
1602,2410.97
1603,1677.37
1604,1749.52
1605,1422.28
1606,1683.79
1607,1482.12
1608,1862.35
1609,2055.21
1610,2583.89
1611,2512.37
1612,1625.16
1613,2100.72
1614,1713.57
1615,1737.5
1616,1541.56
1617,1497.54
1618,1513.17
1619,1902.92
1620,1586.12
1621,1768.84
1622,1665.13
1623,1741.68
1624,1460.74
1625,1771.04
1626,1567.24
1627,2597.9
1628,1495.92
1629,2042.18
1630,1425.54
1631,1435.61
1632,1836.87
1633,1683.37
1634,1618.3
1635,1882.23
1636,1596.13
1637,1514.49
1638,1685.95
1639,1415.64
1640,1635.56
1641,1801.59
1642,1616.24
1643,1514.87
1644,1857.78
1645,1834.3
1646,2259.01
1647,1557.96
1648,2050.92
1649,1663.13
1650,1569.35
1651,2111.42
1652,1606.17
1653,2658.75
1654,1914.34
1655,1670.75
1656,1515.26
1657,1583.42
1658,1782.94
1659,1430.19
1660,1378.26
1661,1705.47
1662,1708.2
1663,2117.28
1664,2531.97
1665,1693.31
1666,2227.98
1667,1717.41
1668,1755.82
1669,1535.82
1670,2248.37
1671,1651.87
1672,2160.8
1673,1408.97
1674,1527.44
1675,1461.51
1676,2125.12
1677,1796.6
1678,1437.02
1679,1751.71
1680,1722.55
1681,2215.23
1682,1412.25
1683,1385.98
1684,1371.68
1685,1591.86
1686,2634.59
1687,2116.95
1688,1683.47
1689,1642.41
1690,1639.2
1691,1799.56
1692,2504.79
1693,1604.7
1694,2086.89
1695,1520.61
1696,1934.02
1697,1502.44
1698,1814.31
1699,2164.88
1700,1695.46
1701,1793.99
1702,2075.63
1703,1583.23
1704,2139.04
1705,1639.59
1706,1641.19
1707,1927.54
1708,1567.85
1709,1662.57
1710,2059.89
1711,1428.93
1712,1693.03
1713,2301.55
1714,1673.28
1715,1705.32
1716,1687.86
1717,1827.76
1718,2311.17
1719,1427.0
1720,1543.83
1721,1574.29
1722,1799.08
1723,1484.3
1724,2569.31
1725,1603.04
1726,2075.11
1727,2470.18
1728,1619.84
1729,1704.15
1730,1872.96
1731,1654.16
1732,1858.33
1733,1701.37
1734,2100.63
1735,1808.04
1736,2126.08
1737,1620.81
1738,1815.82
1739,1631.3
1740,1909.97
1741,1895.9
1742,1655.62
1743,1534.99
1744,1933.77
1745,1542.35
1746,2040.1
1747,1587.32
1748,1872.69
1749,1518.74
1750,1764.11
1751,1490.46
1752,1681.38
1753,1952.34
1754,1412.16
1755,2253.66
1756,1457.3
1757,1908.77
1758,1842.73
1759,1446.53
1760,2429.61
1761,1651.55
1762,1483.44
1763,1904.65
1764,1495.86
1765,1695.79
1766,2164.27
1767,1820.58
1768,1738.4
1769,1454.94
1770,1670.22
1771,1913.07
1772,2664.29
1773,1431.6
1774,1360.97
1775,2437.15
1776,1852.06
1777,1384.63
1778,1959.28
1779,2352.28
1780,1810.54
1781,1851.72
1782,1775.13
1783,1673.78
1784,1609.6
1785,1482.02
1786,1450.25
1787,1432.9
1788,2046.17
1789,1646.82
1790,2194.43
1791,2662.19
1792,1618.6
1793,1856.95
1794,1654.24
1795,1503.66
1796,1815.43
1797,1806.72
1798,1959.26
1799,1572.61
1800,1429.91
1801,1533.69
1802,2625.85
1803,1601.65
1804,1845.28
1805,2223.68
1806,1860.01
1807,1783.63
1808,2135.26
1809,1885.63
1810,2456.54
1811,1449.08
1812,1522.33
1813,1950.28
1814,1650.53
1815,2303.48
1816,1538.31
1817,1784.59
1818,1754.01
1819,1589.1
1820,1452.0
1821,1559.14
1822,1719.39
1823,2578.72
1824,1608.5
1825,2418.39
1826,1652.38
1827,1850.9
1828,1667.38
1829,1453.54
1830,1473.15
1831,1466.8
1832,1373.33
1833,1579.09
1834,2311.18
1835,1801.21
1836,1486.52
1837,2466.6
1838,1936.05
1839,1598.78
1840,1792.35
1841,1476.91
1842,1528.56
1843,1462.84
1844,2715.01
1845,1945.28
1846,1772.02
1847,2453.48
1848,2036.47
1849,2374.02
1850,1793.01
1851,1828.88
1852,1774.12
1853,1784.15
1854,1616.15
1855,1678.96
1856,2275.09
1857,2322.34
1858,2314.42
1859,1449.28
1860,1722.95
1861,1791.1
1862,1613.62
1863,1765.19
1864,2466.31
1865,1977.88
1866,1488.17
1867,1641.9
1868,2271.84
1869,2329.67
1870,1554.09
1871,2277.44
1872,1485.19
1873,2510.31
1874,1584.91
1875,1725.52
1876,1815.51
1877,2383.56
1878,2077.77
1879,2345.76
1880,2434.5
1881,1874.07
1882,2576.84
1883,1755.36
1884,1783.88
1885,1581.2
1886,2558.54
1887,1936.73
1888,1413.41
1889,2556.88
1890,1600.46
1891,1560.77
1892,1686.18
1893,1544.78
1894,1682.88
1895,1718.24
1896,2050.96
1897,1413.71
1898,1790.22
1899,2477.9
1900,1626.62
1901,2502.47
1902,1427.08
1903,1945.23
1904,1908.61
1905,1876.59
1906,2351.59
1907,1446.04
1908,1425.11
1909,1503.64
1910,1871.5
1911,1469.05
1912,1713.57
1913,1828.31
1914,1490.15
1915,1938.53
1916,1953.92
1917,1655.06
1918,1526.73
1919,2193.74
1920,2416.8
1921,1636.73
1922,1934.5
1923,1836.04
1924,2533.51
1925,1736.28
1926,1588.73
1927,1730.52
1928,2171.99
1929,1806.83
1930,1730.61
1931,2120.66
1932,1923.76
1933,2433.49
1934,2297.2
1935,1778.27
1936,1685.99
1937,1552.88
1938,2295.52
1939,1486.63
1940,1441.38
1941,1570.87
1942,2303.72
1943,2464.09
1944,1903.34
1945,1837.98
1946,1849.95
1947,1694.17
1948,1884.36
1949,1495.28
1950,1686.65
1951,1738.48
1952,1751.71
1953,1615.39
1954,1865.94
1955,1421.91
1956,2468.04
1957,1589.13
1958,2086.79
1959,1471.37
1960,2031.81
1961,1796.96
1962,1444.28
1963,2551.45
1964,1489.95
1965,1859.05
1966,2510.17
1967,1773.5
1968,1754.6
1969,1691.68
1970,1652.84
1971,1968.76
1972,1629.48
1973,1794.57
1974,1392.94
1975,1983.56
1976,2261.68
1977,1896.26
1978,1817.32
1979,2360.56
1980,1680.9
1981,1373.49
1982,1826.11
1983,1779.98
1984,1755.03
1985,1637.01
1986,1541.4
1987,1471.15
1988,1868.49
1989,2136.7
1990,1548.33
1991,2665.92
1992,2023.63
1993,1788.62
1994,1812.62
1995,1516.36
1996,1933.91
1997,1742.18
1998,1846.27
1999,1925.94
2000,1608.98
2001,1589.49
2002,1413.25
2003,1550.41
2004,2308.52
2005,1874.62
2006,1617.0
2007,1599.63
2008,2584.48
2009,2542.57
2010,1815.0
2011,2502.97
2012,1633.98
2013,1488.66
2014,2459.06
2015,1889.94
2016,1726.51
2017,1450.46
2018,1438.85
2019,1835.02
2020,2555.5
2021,1528.12
2022,1602.92
2023,1444.91
2024,1704.43
2025,1710.98
2026,1651.18
2027,1460.06
2028,2427.31
2029,1509.55
2030,1724.16
2031,1593.37
2032,1781.15
2033,1498.78
2034,1715.84
2035,1937.61
2036,1701.65
2037,1664.35
2038,2597.48
2039,1506.63
2040,2616.54
2041,1593.86
2042,2204.44
2043,1896.38
2044,1701.23
2045,1958.19
2046,1708.66
2047,1681.17
2048,1649.57
2049,1651.99
2050,1602.45
2051,1945.85
2052,1777.05
2053,1604.81
2054,1793.46
2055,2371.19
2056,1738.63
2057,1818.83
2058,2476.23
2059,1680.98
2060,1789.45
2061,1884.64
2062,1800.56
2063,1582.84
2064,1513.8
2065,1749.32
2066,1724.97
2067,2057.89
2068,1537.38
2069,1610.03
2070,2534.07
2071,1348.8
2072,2073.56
2073,2304.62
2074,1381.12
2075,1425.28
2076,1920.93
2077,1728.3
2078,1737.15
2079,1650.76
2080,1677.62
2081,1712.2
2082,1753.35
2083,2077.87
2084,1511.77
2085,1350.76
2086,1524.83
2087,1397.39
2088,1860.58
2089,1541.05
2090,1488.0
2091,1839.17
2092,2061.82
2093,1745.48
2094,2020.88
2095,1833.09
2096,1460.79
2097,1702.96
2098,1856.45
2099,2197.31
2100,2201.4
2101,2369.56
2102,2154.59
2103,1496.75
2104,1448.17
2105,1999.77
2106,1760.14
2107,1785.3
2108,2096.96
2109,1737.72
2110,1801.17
2111,1559.56
2112,1551.74
2113,1444.75
2114,1393.16
2115,1928.37
2116,2085.37
2117,1435.85
2118,1664.52
2119,1440.2
2120,1608.76
2121,2723.38
2122,2605.6
2123,1756.87
2124,2089.94
2125,2037.5
2126,2428.29
2127,2233.09
2128,1819.72
2129,1596.13
2130,2111.44
2131,2564.43
2132,1605.94
2133,1546.88
2134,2532.21
2135,1778.88
2136,1733.23
2137,2573.35
2138,2306.97
2139,1467.81
2140,2567.09
2141,1370.86
2142,2245.57
2143,1656.08
2144,2241.41
2145,1963.41
2146,1529.09
2147,1899.74
2148,1595.76
2149,1416.96
2150,1982.6
2151,1378.39
2152,1529.22
2153,1779.59
2154,1498.54
2155,1557.03
2156,1864.98
2157,1868.3
2158,2484.97
2159,2272.93
2160,2444.4
2161,2403.83
2162,1464.15
2163,2393.94
2164,1909.9
2165,2092.13
2166,1428.49
2167,2388.7
2168,1531.4
2169,1926.89
2170,1702.31
2171,1750.75
2172,1439.69
2173,1807.29
2174,2348.53
2175,2294.22
2176,1554.29
2177,1757.76
2178,1415.34
2179,1994.88
2180,1443.67
2181,1448.63
2182,1747.18
2183,1724.67
2184,1701.27
2185,1921.02
2186,1651.5
2187,1720.41
2188,2109.89
2189,2543.16
2190,1518.25
2191,1548.57
2192,1679.41
2193,1864.66
2194,2204.69
2195,1530.21
2196,1905.51
2197,1623.97
2198,2536.5
2199,2394.83
2200,1726.44
2201,2549.98
2202,2452.22
2203,1820.09
2204,2567.78
2205,1556.33
2206,1686.87
2207,2144.34
2208,2266.72
2209,2506.54
2210,2301.07
2211,1460.64
2212,1403.68
2213,1561.67
2214,1695.28
2215,1816.67
2216,1951.0
2217,1652.04
2218,1415.17
2219,1720.13
2220,2058.51
2221,1499.76
2222,2494.38
2223,1761.26
2224,2312.1
2225,1731.21
2226,1768.09
2227,1730.35
2228,1852.69
2229,1960.52
2230,1760.29
2231,1428.2
2232,1762.78
2233,1854.35
2234,1654.35
2235,1830.1
2236,1512.96
2237,1471.32
2238,2394.82
2239,1764.96
2240,1490.15
2241,2509.8
2242,1502.22
2243,1534.09
2244,1537.44
2245,2280.89
2246,1651.04
2247,2522.06
2248,1561.43
2249,2528.05
2250,2504.11
2251,1693.52
2252,1736.95
2253,1908.45
2254,1595.9
2255,1522.17
2256,1573.62
2257,1628.72
2258,1490.6
2259,1604.82
2260,1683.05
2261,1670.33
2262,1415.47
2263,1756.02
2264,1793.75
2265,1475.31
2266,1764.21
2267,1574.86
2268,1416.04
2269,1558.31
2270,1788.26
2271,1986.81
2272,1501.56
2273,2050.38
2274,1792.29
2275,2409.32
2276,1647.3
2277,1409.4
2278,2600.34
2279,1816.44
2280,2514.23
2281,1767.72
2282,1441.81
2283,1653.41
2284,1473.7
2285,1629.8
2286,1460.72
2287,2055.2
2288,1710.27
2289,1603.76
2290,1539.46
2291,1910.93
2292,1675.17
2293,1707.2
2294,1496.88
2295,1843.15
2296,1829.52
2297,2479.93
2298,1451.47
2299,2347.69
2300,2519.9
2301,1590.52
2302,1897.3
2303,1456.85
2304,1735.89
2305,1363.63
2306,1896.94
2307,1441.63
2308,2613.3
2309,2021.17
2310,1467.0
2311,2048.95
2312,1496.57
2313,1911.89
2314,1726.96
2315,2137.86
2316,1858.11
2317,1784.33
2318,1724.59
2319,1686.33
2320,1676.15
2321,1554.63
2322,1478.71
2323,2265.45
2324,1564.51
2325,1857.62
2326,1802.06
2327,1631.51
2328,1691.56
2329,1454.86
2330,1381.48
2331,1746.98
2332,1699.94
2333,1715.98
2334,1728.24
2335,1919.75
2336,2207.29
2337,1778.32
2338,1621.12
2339,2224.72
2340,1524.26
2341,2143.47
2342,1445.05
2343,1489.46
2344,1361.22
2345,1549.14
2346,1651.08
2347,1669.62
2348,1504.86
2349,1998.66
2350,2147.88
2351,2179.89
2352,1478.12
2353,2107.27
2354,1527.51
2355,2129.0
2356,1907.35
2357,1652.8
2358,2706.56
2359,1365.08
2360,1773.64
2361,1485.11
2362,1417.39
2363,1745.8
2364,1753.79
2365,1895.86
2366,1919.79
2367,1394.65
2368,1558.16
2369,1754.1
2370,1424.17
2371,1957.82
2372,1565.15
2373,1787.7
2374,2332.93
2375,1404.0
2376,1836.79
2377,2106.62
2378,1972.89
2379,1698.28
2380,2643.53
2381,2097.63
2382,1757.95
2383,1476.94
2384,2565.47
2385,1785.56
2386,1926.38
2387,1396.73
2388,1547.0
2389,1789.27
2390,1834.08
2391,1522.6
2392,1810.92
2393,1399.09
2394,2023.39
2395,1921.77
2396,1501.29
2397,1739.45
2398,1766.57
2399,1980.62
2400,1747.4
2401,2587.7
2402,1450.98
2403,1594.38
2404,1795.33
2405,2385.75
2406,1840.14
2407,1563.18
2408,1545.91
2409,2538.25
2410,1864.08
2411,2300.96
2412,1449.33
2413,2029.41
2414,1861.16
2415,1787.68
2416,1872.54
2417,2392.18
2418,1714.89
2419,1707.4
2420,1760.26
2421,1911.23
2422,1436.49
2423,1890.69
2424,1517.42
2425,1736.54
2426,2156.14
2427,2050.8
2428,1927.83
2429,1848.2
2430,1578.85
2431,1614.4
2432,1811.24
2433,1505.29
2434,1498.97
2435,1511.22
2436,1556.48
2437,1866.66
2438,1510.53
2439,1620.0
2440,1691.66
2441,1763.25
2442,2426.58
2443,1455.38
2444,1747.14
2445,1705.2
2446,1656.71
2447,1744.24
2448,2360.1
2449,2570.47
2450,1708.05
2451,1442.73
2452,1574.2
2453,2482.55
2454,1827.72
2455,1833.35
2456,1910.04
2457,1414.63
2458,1431.9
2459,1631.13
2460,1865.91
2461,1536.79
2462,1559.39
2463,2104.78
2464,1943.74
2465,2356.22
2466,1757.72
2467,1856.69
2468,2030.42
2469,1814.69
2470,1418.17
2471,1475.84
2472,1531.96
2473,1388.28
2474,2133.95
2475,1943.18
2476,1562.52
2477,1739.32
2478,1614.8
2479,1446.8
2480,1965.47
2481,1895.71
2482,1414.67
2483,1756.5
2484,1753.19
2485,1494.97
2486,2169.26
2487,1710.82
2488,1561.88
2489,1876.92
2490,2348.6
2491,2233.48
2492,2154.78
2493,1465.98
2494,2068.4
2495,1854.19
2496,1736.61
2497,1609.8
2498,1599.37
2499,1586.34
2500,1570.9
2501,1628.78
2502,1776.56
2503,1822.2
2504,1487.11
2505,1431.28
2506,1709.4
2507,1781.23
2508,2467.62
2509,1664.84
2510,2074.91
2511,1885.9
2512,1613.09
2513,1770.41
2514,1610.13
2515,1771.2
2516,2509.54
2517,1676.69
2518,1598.87
2519,1716.16
2520,1849.7
2521,2308.65
2522,1449.43
2523,2355.73
2524,1747.51
2525,1461.78
2526,2133.54
2527,1627.12
2528,2574.36
2529,1708.75
2530,2504.23
2531,1869.31
2532,1739.51
2533,1552.7
2534,1431.05
2535,1704.57
2536,1805.71
2537,1978.15
2538,1536.98
2539,2523.26
2540,1796.71
2541,1610.16
2542,1887.32
2543,1427.08
2544,1393.61
2545,1969.22
2546,1893.14
2547,1812.02
2548,1509.67
2549,1399.05
2550,1685.38
2551,1867.12
2552,2543.09
2553,2184.31
2554,1826.62
2555,1870.02
2556,1712.29
2557,2001.74
2558,2544.8
2559,1693.14
2560,1510.08
2561,1552.39
2562,2242.8
2563,1754.14
2564,1746.1
2565,1642.14
2566,2359.46
2567,1654.95
2568,1727.33
2569,1490.34
2570,1705.63
2571,1987.86
2572,2248.12
2573,1546.58
2574,1481.04
2575,1892.52
2576,1515.33
2577,2511.24
2578,1656.8
2579,1444.0
2580,1784.25
2581,2171.28
2582,2244.89
2583,1420.99
2584,1834.36
2585,1705.38
2586,2570.43
2587,2322.01
2588,2401.76
2589,1827.81
2590,1508.0
2591,2045.36
2592,1497.24
2593,1556.34
2594,1526.53
2595,2377.14
2596,1701.3
2597,1391.5
2598,1622.71
2599,1542.42
2600,1798.2
2601,1538.6
2602,1643.91
2603,1465.84
2604,1680.16
2605,2113.24
2606,1828.22
2607,1780.46
2608,2431.98
2609,2538.71
2610,1811.68
2611,1830.12
2612,1723.16
2613,1915.85
2614,1952.39
2615,2613.7
2616,1482.49
2617,1536.73
2618,1399.82
2619,2406.64
2620,1664.58
2621,1607.52
2622,1796.51
2623,1495.6
2624,1459.96
2625,1465.98
2626,2342.79
2627,1833.95
2628,1458.3
2629,1900.88
2630,1735.62
2631,1580.72
2632,2327.35
2633,1823.02
2634,1671.81
2635,2525.15
2636,1563.88
2637,1885.06
2638,2155.48
2639,1687.44
2640,1502.92
2641,1380.39
2642,1923.98
2643,1845.66
2644,1909.7
2645,2250.85
2646,1863.06
2647,1655.33
2648,2649.18
2649,1904.65
2650,1427.19
2651,1854.13
2652,1793.17
2653,1862.36
2654,1549.11
2655,2534.33
2656,1741.27
2657,1607.83
2658,1843.75
2659,1699.6
2660,1861.89
2661,1685.77
2662,1587.39
2663,2527.16
2664,1687.01
2665,1691.22
2666,1511.41
2667,1417.28
2668,1448.49
2669,2053.39
2670,1726.55
2671,1573.16
2672,2331.23
2673,1382.37
2674,2245.62
2675,1746.29
2676,1706.37
2677,1715.25
2678,1878.14
2679,1460.92
2680,2221.69
2681,1501.32
2682,1494.68
2683,2036.83
2684,1527.08
2685,1961.66
2686,2198.47
2687,1545.66
2688,1717.46
2689,2382.77
2690,1496.82
2691,1925.64
2692,1775.26
2693,1769.51
2694,2489.2
2695,1514.18
2696,1760.76
2697,2554.93
2698,1834.54
2699,2493.06
2700,2437.01
2701,1907.15
2702,2303.81
2703,1621.94
2704,1482.19
2705,1493.47
2706,1381.53
2707,1907.63
2708,1807.48
2709,2306.46
2710,1610.97
2711,1688.55
2712,1899.47
2713,1537.7
2714,2022.53
2715,1475.54
2716,1544.5
2717,2344.96
2718,1585.89
2719,2125.74
2720,1676.56
2721,2100.09
2722,1550.79
2723,1472.43
2724,1813.89
2725,1863.43
2726,1564.69
2727,1655.64
2728,1435.59
2729,1828.1
2730,1399.18
2731,2147.29
2732,1646.94
2733,2178.37
2734,2571.87
2735,2225.72
2736,2219.33
2737,2446.12
2738,2014.64
2739,1489.88
2740,2155.35
2741,1380.15
2742,1734.59
2743,1898.24
2744,1410.09
2745,2334.65
2746,1656.83
2747,1429.05
2748,1867.04
2749,1730.84
2750,1611.44
2751,1417.27
2752,2129.52
2753,1606.96
2754,1887.01
2755,1507.85
2756,1763.01
2757,1697.42
2758,1483.1
2759,1370.27
2760,2047.78
2761,1503.0
2762,2397.96
2763,2123.74
2764,1833.71
2765,1525.11
2766,2111.88
2767,1809.05
2768,1493.82
2769,1548.97
2770,1616.69
2771,1834.43
2772,1459.9
2773,1774.34
2774,2496.69
2775,1883.9
2776,2203.27
2777,1707.51
2778,1800.44
2779,1843.92
2780,1376.24
2781,1733.26
2782,1610.17
2783,2486.97
2784,1827.41
2785,2499.13
2786,1844.2
2787,1808.85
2788,1690.26
2789,2374.8
2790,2030.79
2791,1771.35
2792,1451.72
2793,1808.89
2794,1901.43
2795,1881.52
2796,1508.64
2797,1366.46
2798,1424.27
2799,1807.27
2800,1966.58
2801,1741.43
2802,2114.75
2803,1874.98
2804,1556.15
2805,2124.86
2806,1585.56
2807,1956.32
2808,1759.77
2809,1800.91
2810,2249.07
2811,1477.84
2812,1691.27
2813,1957.56
2814,1622.31
2815,2012.66
2816,1965.63
2817,1843.69
2818,1664.09
2819,1712.05
2820,1872.21
2821,1876.21
2822,2297.02
2823,1915.51
2824,1733.91
2825,2387.57
2826,1626.63
2827,1499.07
2828,1535.22
2829,1504.71
2830,1711.21
2831,1879.08
2832,1526.28
2833,1657.35
2834,1729.06
2835,2569.19
2836,1656.21
2837,1918.44
2838,1468.49
2839,1729.07
2840,2388.9
2841,1418.44
2842,1602.08
2843,1864.24
2844,1445.15
2845,1512.16
2846,2558.49
2847,2600.28
2848,1512.22
2849,1434.58
2850,1645.95
2851,1525.62
2852,1580.25
2853,2133.01
2854,1720.79
2855,1753.24
2856,1652.59
2857,1964.0
2858,2008.26
2859,1649.7
2860,1727.32
2861,1584.16
2862,1880.41
2863,2498.71
2864,1427.98
2865,2362.76
2866,1552.42
2867,1441.21
2868,1801.59
2869,1430.53
2870,1474.73
2871,1623.09
2872,1793.87
2873,1416.14
2874,1844.4
2875,2141.86
2876,1851.29
2877,1471.39
2878,2389.9
2879,1419.24
2880,1527.7
2881,1417.32
2882,1704.36
2883,1558.55
2884,2350.2
2885,2491.83
2886,2548.11
2887,1932.1
2888,1598.34
2889,1953.67
2890,1733.89
2891,1429.34
2892,1420.51
2893,1902.83
2894,1885.9
2895,1410.75
2896,1598.5
2897,2018.99
2898,2143.01
2899,1674.11
2900,1857.33
2901,1612.98
2902,1522.79
2903,1814.21
2904,1794.52
2905,2346.45
2906,1608.77
2907,1451.2
2908,1466.55
2909,1607.8
2910,1508.74
2911,1417.95
2912,2016.21
2913,1713.59
2914,1491.65
2915,1573.64
2916,1874.57
2917,2507.16
2918,2217.59
2919,1711.27
2920,2024.11
2921,1932.81
2922,2382.77
2923,1516.45
2924,1465.78
2925,1443.76
2926,1748.74
2927,1610.77
2928,1779.86
2929,1527.76
2930,1559.97
2931,1860.49
2932,1873.06
2933,1648.21
2934,1719.0
2935,1774.29
2936,1949.8
2937,1374.49
2938,1860.19
2939,2307.44
2940,1712.32
2941,1714.09
2942,1825.56
2943,1669.07
2944,1675.38
2945,1883.13
2946,2574.2
2947,1627.29
2948,1533.56
2949,1756.12
2950,1714.6
2951,2043.54
2952,1669.02
2953,2225.25
2954,2299.19
2955,1371.13
2956,1594.89
2957,1529.86
2958,2706.46
2959,1645.16
2960,2286.55
2961,1788.58
2962,1368.89
2963,1903.65
2964,1546.82
2965,1612.49
2966,2152.77
2967,2662.74
2968,1742.96
2969,2567.99
2970,1600.4
2971,2473.41
2972,1567.96
2973,2428.16
2974,1469.27
2975,1595.51
2976,2403.97
2977,2376.98
2978,1375.62
2979,1564.09
2980,1854.83
2981,1689.34
2982,1810.32
2983,1648.3
2984,1652.79
2985,1706.85
2986,1737.82
2987,1869.64
2988,1807.96
2989,1654.94
2990,1555.91
2991,2637.34
2992,2129.54
2993,1638.5
2994,1700.75
2995,2076.44
2996,1629.9
2997,2628.34
2998,1774.16
2999,2368.06
3000,1820.19
3001,2608.24
3002,2516.53
3003,2435.0
3004,1556.64
3005,1732.51
3006,2573.47
3007,1395.63
3008,1567.77
3009,1417.89
3010,2354.32
3011,1721.67
3012,1555.7
3013,1452.85
3014,2175.82
3015,1473.4
3016,1634.35
3017,1644.84
3018,2413.99
3019,2489.95
3020,1687.86
3021,1822.47
3022,1433.37
3023,1434.85
3024,2130.69
3025,2548.11
3026,1968.29
3027,1827.94
3028,1704.32
3029,2305.28
3030,1867.58
3031,1454.32
3032,1485.73
3033,2097.29
3034,1783.2
3035,1679.97
3036,2584.95
3037,2407.76
3038,1435.23
3039,1476.92
3040,1898.98
3041,1658.02
3042,1630.37
3043,1428.98
3044,1947.06
3045,1901.75
3046,2512.89
3047,1845.47
3048,1457.94
3049,1798.76
3050,1660.66
3051,2189.54
3052,2674.86
3053,1452.81
3054,1903.16
3055,1889.84
3056,1453.09
3057,1672.61
3058,1871.25
3059,1778.04
3060,1472.8
3061,2116.09
3062,2116.79
3063,2470.52
3064,1555.38
3065,1612.06
3066,1518.55
3067,1503.53
3068,1913.96
3069,1510.09
3070,1577.39
3071,1853.37
3072,2397.34
3073,1745.76
3074,1754.21
3075,1371.87
3076,1610.27
3077,1379.36
3078,1879.5
3079,2074.6
3080,2508.5
3081,2585.82
3082,1713.29
3083,2201.55
3084,1689.03
3085,1796.79
3086,1558.5
3087,1457.73
3088,1538.5
3089,1912.14
3090,1643.81
3091,1752.15
3092,1645.32
3093,1784.96
3094,1464.42
3095,1789.05
3096,1541.39
3097,2563.19
3098,1438.55
3099,2010.66
3100,1393.42
3101,1443.42
3102,1913.45
3103,1673.25
3104,1504.79
3105,1870.39
3106,1610.64
3107,1440.85
3108,1660.4
3109,1439.99
3110,1727.76
3111,1868.23
3112,1566.31
3113,1550.47
3114,1818.77
3115,1740.05
3116,2225.15
3117,1481.52
3118,2045.77
3119,1668.43
3120,1546.68
3121,2108.5
3122,1565.82
3123,2576.84
3124,1778.25
3125,1721.07
3126,1498.19
3127,1604.82
3128,1698.89
3129,1477.31
3130,1435.87
3131,1707.7
3132,1688.55
3133,2128.0
3134,2494.03
3135,1701.32
3136,2175.4
3137,1715.27
3138,1697.63
3139,1613.61
3140,2163.08
3141,1563.47
3142,2128.3
3143,1413.32
3144,1441.15
3145,1545.82
3146,2018.32
3147,1731.05
3148,1454.08
3149,1891.94
3150,1771.61
3151,2151.49
3152,1435.37
3153,1366.44
3154,1400.36
3155,1659.1
3156,2670.3
3157,2185.19
3158,1778.31
3159,1549.59
3160,1613.67
3161,1710.36
3162,2557.61
3163,1672.56
3164,2180.74
3165,1578.56
3166,1847.18
3167,1496.52
3168,1893.84
3169,2178.44
3170,1707.79
3171,1705.62
3172,2058.51
3173,1642.23
3174,2156.34
3175,1662.18
3176,1618.66
3177,2001.64
3178,1497.88
3179,1719.62
3180,2108.21
3181,1372.78
3182,1745.48
3183,2286.21
3184,1734.63
3185,1720.71
3186,1801.62
3187,1748.7
3188,2307.9
3189,1451.2
3190,1639.73
3191,1556.07
3192,1698.15
3193,1472.69
3194,2556.32
3195,1697.07
3196,2095.16
3197,2396.51
3198,1539.61
3199,1620.93
3200,1812.35
3201,1580.2
3202,1819.3
3203,1627.81
3204,2098.37
3205,1799.51
3206,2150.02
3207,1559.8
3208,1713.23
3209,1581.8
3210,1828.28
3211,1948.48
3212,1640.67
3213,1506.18
3214,1795.04
3215,1633.99
3216,2092.9
3217,1593.43
3218,1838.34
3219,1522.7
3220,1686.86
3221,1467.9
3222,1724.07
3223,1960.79
3224,1430.46
3225,2350.08
3226,1413.0
3227,2020.8
3228,1821.03
3229,1552.2
3230,2327.23
3231,1624.42
3232,1472.88
3233,1792.39
3234,1444.64
3235,1722.93
3236,2139.51
3237,1723.44
3238,1709.04
3239,1482.71
3240,1646.44
3241,1829.1
3242,2670.22
3243,1464.89
3244,1402.98
3245,2395.59
3246,1873.48
3247,1389.44
3248,1948.36
3249,2326.67
3250,1864.08
3251,1879.64
3252,1713.45
3253,1748.9
3254,1623.81
3255,1448.4
3256,1410.14
3257,1481.0
3258,2039.22
3259,1606.37
3260,2297.23
3261,2559.85
3262,1652.07
3263,1829.42
3264,1711.39
3265,1488.45
3266,1836.1
3267,1810.41
3268,1947.97
3269,1621.71
3270,1435.77
3271,1470.6
3272,2496.45
3273,1627.35
3274,1935.12
3275,2271.39
3276,1836.91
3277,1767.13
3278,2070.9
3279,1784.38
3280,2522.13
3281,1506.16
3282,1608.11
3283,1887.13
3284,1636.4
3285,2239.58
3286,1590.31
3287,1781.71
3288,1804.9
3289,1669.81
3290,1433.09
3291,1447.88
3292,1773.47
3293,2432.47
3294,1618.81
3295,2286.69
3296,1595.65
3297,1853.7
3298,1693.54
3299,1448.2
3300,1477.74
3301,1516.48
3302,1408.18
3303,1590.59
3304,2267.62
3305,1886.43
3306,1465.65
3307,2572.23
3308,2040.3
3309,1491.05
3310,1790.59
3311,1422.9
3312,1446.43
3313,1590.92
3314,2709.38
3315,1927.5
3316,1815.37
3317,2549.66
3318,2091.24
3319,2420.77
3320,1862.15
3321,1780.18
3322,1737.44
3323,1737.28
3324,1664.6
3325,1667.33
3326,2201.51
3327,2352.63
3328,2203.44
3329,1482.48
3330,1669.53
3331,1791.06
3332,1601.46
3333,1745.77
3334,2575.01
3335,2012.77
3336,1591.69
3337,1597.01
3338,2237.92
3339,2461.71
3340,1545.9
3341,2240.41
3342,1470.9
3343,2544.64
3344,1530.64
3345,1651.26
3346,1901.9
3347,2551.56
3348,2065.59
3349,2264.03
3350,2434.01
3351,1825.8
3352,2505.69
3353,1811.88
3354,1884.95
3355,1564.85
3356,2491.24
3357,1974.4
3358,1465.06
3359,2483.11
3360,1695.14
3361,1599.64
3362,1644.81
3363,1497.38
3364,1636.54
3365,1718.31
3366,2137.17
3367,1412.0
3368,1857.56
3369,2577.94
3370,1717.61
3371,2591.14
3372,1443.62
3373,1892.76
3374,1943.29
3375,1899.27
3376,2381.54
3377,1456.17
3378,1474.93
3379,1479.5
3380,1847.39
3381,1460.63
3382,1577.17
3383,1718.08
3384,1552.17
3385,1849.21
3386,1883.32
3387,1738.51
3388,1495.19
3389,2282.55
3390,2469.37
3391,1556.22
3392,2008.34
3393,1836.71
3394,2467.68
3395,1713.31
3396,1710.62
3397,1780.39
3398,2128.2
3399,1911.11
3400,1725.03
3401,2107.03
3402,1930.49
3403,2454.95
3404,2210.62
3405,1790.67
3406,1674.97
3407,1521.36
3408,2227.77
3409,1520.5
3410,1499.17
3411,1498.15
3412,2217.39
3413,2388.38
3414,1929.8
3415,1851.15
3416,1911.82
3417,1769.28
3418,1948.98
3419,1467.93
3420,1623.99
3421,1635.62
3422,1666.07
3423,1643.31
3424,1858.61
3425,1470.77
3426,2368.29
3427,1517.61
3428,2020.29
3429,1487.43
3430,1975.47
3431,1842.22
3432,1412.85
3433,2682.14
3434,1523.88
3435,1903.3
3436,2624.87
3437,1811.68
3438,1772.67
3439,1737.46
3440,1663.2
3441,1882.32
3442,1571.9
3443,1882.49
3444,1408.95
3445,1960.7
3446,2165.41
3447,1791.27
3448,1731.35
3449,2290.52
3450,1777.24
3451,1480.03
3452,1804.77
3453,1787.22
3454,1825.48
3455,1633.23
3456,1538.96
3457,1433.96
3458,1807.26
3459,2107.27
3460,1570.31
3461,2648.72
3462,2001.3
3463,1719.14
3464,1728.76
3465,1492.79
3466,1906.24
3467,1675.8
3468,1904.49
3469,1886.22
3470,1556.42
3471,1555.64
3472,1501.14
3473,1515.03
3474,2346.61
3475,1873.82
3476,1594.55
3477,1521.45
3478,2517.52
3479,2636.75
3480,1847.63
3481,2509.19
3482,1602.37
3483,1468.0
3484,2469.75
3485,1949.87
3486,1700.37
3487,1443.94
3488,1376.12
3489,1830.6
3490,2586.98
3491,1431.52
3492,1567.29
3493,1469.78
3494,1732.96
3495,1622.24
3496,1701.54
3497,1385.52
3498,2585.79
3499,1418.0
3500,1705.7
3501,1510.28
3502,1775.94
3503,1502.28
3504,1719.36
3505,1875.88
3506,1652.38
3507,1635.36
3508,2659.67
3509,1519.98
3510,2551.62
3511,1689.62
3512,2165.38
3513,1903.14
3514,1646.54
3515,1826.07
3516,1759.86
3517,1651.08
3518,1576.61
3519,1611.64
3520,1578.73
3521,1844.16
3522,1764.51
3523,1616.07
3524,1857.34
3525,2532.96
3526,1740.78
3527,1807.09
3528,2574.14
3529,1617.31
3530,1790.44
3531,1911.36
3532,1738.45
3533,1582.73
3534,1490.15
3535,1726.66
3536,1696.24
3537,2074.29
3538,1564.72
3539,1550.77
3540,2570.91
3541,1452.19
3542,2147.73
3543,2420.45
3544,1389.29
3545,1450.3
3546,1918.67
3547,1752.76
3548,1825.09
3549,1600.26
3550,1678.38
3551,1680.54
3552,1753.87
3553,2079.55
3554,1557.26
3555,1366.13
3556,1573.66
3557,1413.68
3558,1863.65
3559,1442.93
3560,1475.32
3561,1826.71
3562,2107.52
3563,1771.45
3564,1917.24
3565,1909.55
3566,1396.69
3567,1684.14
3568,1947.71
3569,2158.87
3570,2260.86
3571,2364.58
3572,2162.15
3573,1520.04
3574,1460.98
3575,2001.68
3576,1712.45
3577,1870.21
3578,2042.18
3579,1651.24
3580,1689.07
3581,1517.16
3582,1537.24
3583,1387.22
3584,1405.45
3585,1909.02
3586,2051.53
3587,1499.59
3588,1642.18
3589,1422.4
3590,1600.12
3591,2655.88
3592,2574.55
3593,1802.89
3594,2258.16
3595,2053.57
3596,2301.67
3597,2262.25
3598,1817.92
3599,1591.78
3600,2154.67
3601,2599.95
3602,1580.15
3603,1607.95
3604,2425.83
3605,1817.46
3606,1838.2
3607,2443.31
3608,2169.93
3609,1478.46
3610,2492.58
3611,1404.21
3612,2297.38
3613,1593.4
3614,2228.45
3615,2028.12
3616,1624.21
3617,1901.52
3618,1545.87
3619,1417.31
3620,1934.11
3621,1361.21
3622,1520.22
3623,1865.52
3624,1439.28
3625,1566.39
3626,1832.85
3627,1896.89
3628,2566.15
3629,2281.55
3630,2340.68
3631,2436.11
3632,1352.18
3633,2336.45
3634,1910.07
3635,2087.57
3636,1398.02
3637,2278.69
3638,1568.99
3639,1821.54
3640,1723.83
3641,1718.52
3642,1388.6
3643,1853.99
3644,2346.03
3645,2342.06
3646,1610.9
3647,1646.31
3648,1545.4
3649,2000.86
3650,1463.01
3651,1390.48
3652,1759.35
3653,1659.0
3654,1790.71
3655,1916.37
3656,1760.44
3657,1774.58
3658,2071.51
3659,2410.63
3660,1479.81
3661,1520.82
3662,1708.03
3663,1873.73
3664,2196.47
3665,1540.51
3666,1879.64
3667,1510.55
3668,2704.12
3669,2397.02
3670,1605.77
3671,2650.9
3672,2506.19
3673,1782.42
3674,2564.68
3675,1508.15
3676,1726.58
3677,2121.36
3678,2329.08
3679,2492.51
3680,2392.83
3681,1507.03
3682,1401.1
3683,1490.41
3684,1760.79
3685,1813.07
3686,1897.27
3687,1620.03
3688,1467.22
3689,1622.36
3690,2048.4
3691,1478.16
3692,2431.83
3693,1770.19
3694,2214.78
3695,1700.79
3696,1816.39
3697,1677.44
3698,1848.37
3699,1882.88
3700,1733.9
3701,1421.58
3702,1773.64
3703,1907.42
3704,1695.67
3705,1774.37
3706,1544.28
3707,1506.54
3708,2320.25
3709,1707.04
3710,1405.75
3711,2469.57
3712,1543.17
3713,1558.34
3714,1592.79
3715,2248.71
3716,1558.52
3717,2429.2
3718,1563.9
3719,2508.07
3720,2482.68
3721,1726.66
3722,1808.95
3723,1915.02
3724,1488.76
3725,1491.37
3726,1586.99
3727,1554.22
3728,1533.88
3729,1598.17
3730,1670.89
3731,1588.97
3732,1395.48
3733,1740.43
3734,1758.87
3735,1417.72
3736,1813.08
3737,1627.47
3738,1436.3
3739,1509.0
3740,1894.84
3741,2052.65
3742,1591.33
3743,2028.16
3744,1794.46
3745,2391.04
3746,1637.31
3747,1393.17
3748,2517.5
3749,1833.99
3750,2596.88
3751,1740.56
3752,1402.09
3753,1703.98
3754,1450.76
3755,1653.61
3756,1369.59
3757,2022.26
3758,1676.66
3759,1699.36
3760,1535.77
3761,1898.06
3762,1605.69
3763,1629.35
3764,1449.33
3765,1747.48
3766,1794.2
3767,2533.61
3768,1521.8
3769,2476.78
3770,2574.52
3771,1589.36
3772,1893.63
3773,1428.78
3774,1663.45
3775,1464.53
3776,1967.73
3777,1424.89
3778,2580.55
3779,1982.95
3780,1456.6
3781,1917.63
3782,1553.22
3783,1882.19
3784,1766.72
3785,2239.52
3786,1930.78
3787,1804.46
3788,1630.24
3789,1690.81
3790,1623.9
3791,1618.17
3792,1476.92
3793,2378.04
3794,1562.87
3795,1849.3
3796,1750.1
3797,1679.18
3798,1698.64
3799,1556.05
3800,1471.94
3801,1646.12
3802,1712.74
3803,1745.87
3804,1761.6
3805,1846.54
3806,2142.3
3807,1905.26
3808,1595.07
3809,2269.23
3810,1625.03
3811,2187.24
3812,1363.49
3813,1473.02
3814,1457.65
3815,1512.23
3816,1604.13
3817,1739.18
3818,1549.85
3819,1985.97
3820,2057.62
3821,2302.61
3822,1434.15
3823,2158.91
3824,1530.28
3825,2148.26
3826,1812.41
3827,1670.43
3828,2559.9
3829,1411.28
3830,1740.73
3831,1527.85
3832,1450.31
3833,1794.51
3834,1757.35
3835,1933.6
3836,1981.07
3837,1384.97
3838,1629.18
3839,1797.86
3840,1454.01
3841,1953.14
3842,1636.77
3843,1689.81
3844,2276.05
3845,1414.39
3846,1845.83
3847,2165.16
3848,2121.17
3849,1674.4
3850,2578.23
3851,2117.64
3852,1736.67
3853,1486.46
3854,2508.29
3855,1669.3
3856,1837.81
3857,1413.18
3858,1545.06
3859,1836.15
3860,1915.79
3861,1554.59
3862,1869.09
3863,1386.73
3864,2077.76
3865,1858.23
3866,1477.43
3867,1776.25
3868,1839.84
3869,2023.82
3870,1724.45
3871,2458.46
3872,1550.55
3873,1587.65
3874,1731.92
3875,2243.47
3876,1836.54
3877,1615.99
3878,1488.88
3879,2715.91
3880,1791.59
3881,2349.98
3882,1442.84
3883,2000.85
3884,1954.6
3885,1696.1
3886,1861.93
3887,2391.01
3888,1830.5
3889,1730.27
3890,1782.49
3891,1952.92
3892,1493.53
3893,1862.06
3894,1522.17
3895,1696.81
3896,2195.39
3897,2065.55
3898,1973.38
3899,1898.38
3900,1642.93
3901,1629.87
3902,1808.92
3903,1468.92
3904,1432.24
3905,1512.98
3906,1633.33
3907,1840.71
3908,1551.71
3909,1675.36
3910,1661.58
3911,1796.56
3912,2346.13
3913,1441.15
3914,1766.83
3915,1777.41
3916,1682.64
3917,1821.42
3918,2270.24
3919,2571.81
3920,1600.24
3921,1387.47
3922,1500.68
3923,2446.4
3924,1852.36
3925,1810.58
3926,1776.22
3927,1416.95
3928,1442.73
3929,1529.32
3930,1863.61
3931,1442.23
3932,1646.8
3933,2014.14
3934,1856.63
3935,2419.37
3936,1774.49
3937,1843.59
3938,1976.9
3939,1891.04
3940,1437.28
3941,1508.92
3942,1602.03
3943,1382.0
3944,2204.88
3945,1999.35
3946,1601.08
3947,1747.74
3948,1642.59
3949,1522.47
3950,1973.04
3951,1990.16
3952,1485.22
3953,1847.04
3954,1730.08
3955,1515.44
3956,2155.67
3957,1648.81
3958,1578.09
3959,1870.54
3960,2307.32
3961,2294.58
3962,2257.72
3963,1371.47
3964,2054.02
3965,1954.64
3966,1797.53
3967,1598.63
3968,1574.84
3969,1506.94
3970,1593.13
3971,1631.05
3972,1865.76
3973,1808.07
3974,1443.45
3975,1480.52
3976,1720.79
3977,1860.82
3978,2457.84
3979,1707.98
3980,2133.09
3981,1819.52
3982,1536.96
3983,1784.47
3984,1526.38
3985,1739.15
3986,2502.53
3987,1723.16
3988,1673.21
3989,1730.25
3990,1798.85
3991,2191.12
3992,1440.03
3993,2283.65
3994,1735.72
3995,1398.52
3996,2075.32
3997,1714.41
3998,2529.49
3999,1648.12
4000,2451.68
4001,1795.88
4002,1773.44
4003,1550.91
4004,1428.55
4005,1738.31
4006,1755.5
4007,1934.92
4008,1600.2
4009,2459.52
4010,1848.65
4011,1658.03
4012,1915.17
4013,1513.64
4014,1484.8
4015,1985.78
4016,1895.75
4017,1814.53
4018,1545.48
4019,1488.99
4020,1598.68
4021,1813.83
4022,2460.02
4023,2220.76
4024,1723.73
4025,1920.0
4026,1722.81
4027,2146.01
4028,2532.18
4029,1749.23
4030,1505.62
4031,1639.78
4032,2205.47
4033,1790.47
4034,1669.28
4035,1671.8
4036,2376.75
4037,1599.35
4038,1772.06
4039,1525.16
4040,1751.5
4041,1893.99
4042,2253.3
4043,1584.55
4044,1458.79
4045,1799.93
4046,1460.43
4047,2598.06
4048,1604.08
4049,1517.22
4050,1691.09
4051,2118.33
4052,2155.55
4053,1407.8
4054,1895.27
4055,1620.76
4056,2673.81
4057,2401.58
4058,2400.27
4059,1849.4
4060,1425.49
4061,2042.9
4062,1475.21
4063,1572.73
4064,1549.68
4065,2286.74
4066,1664.29
4067,1372.58
4068,1644.08
4069,1622.4
4070,1881.27
4071,1604.54
4072,1636.42
4073,1528.68
4074,1716.39
4075,2017.84
4076,1869.79
4077,1764.56
4078,2393.74
4079,2594.08
4080,1807.36
4081,1916.69
4082,1819.89
4083,1888.79
4084,1978.5
4085,2552.05
4086,1461.43
4087,1517.59
4088,1432.98
4089,2583.24
4090,1553.62
4091,1686.06
4092,1887.59
4093,1478.9
4094,1459.66
4095,1437.7
4096,2396.06
4097,1870.57
4098,1488.77
4099,1939.06
4100,1698.32
4101,1526.3
4102,2382.34
4103,1756.6
4104,1748.41
4105,2470.84
4106,1468.89
4107,1908.74
4108,2077.05
4109,1601.27
4110,1486.0
4111,1414.98
4112,1889.15
4113,1946.58
4114,1880.17
4115,2189.12
4116,1929.39
4117,1606.06
4118,2548.49
4119,1933.53
4120,1498.58
4121,1959.66
4122,1834.04
4123,1895.79
4124,1524.62
4125,2702.26
4126,1744.64
4127,1632.5
4128,1866.39
4129,1802.48
4130,1807.85
4131,1616.66
4132,1572.03
4133,2524.7
4134,1627.86
4135,1732.21
4136,1475.33
4137,1434.58
4138,1437.47
4139,2000.55
4140,1734.5
4141,1570.49
4142,2278.39
4143,1382.29
4144,2317.91
4145,1831.63
4146,1784.61
4147,1722.36
4148,1855.51
4149,1388.78
4150,2154.79
4151,1540.13
4152,1462.31
4153,2009.21
4154,1600.74
4155,2012.28
4156,2317.63
4157,1469.23
4158,1769.72
4159,2355.0
4160,1488.53
4161,1837.12
4162,1826.94
4163,1741.39
4164,2653.94
4165,1484.25
4166,1754.98
4167,2403.62
4168,1875.58
4169,2557.19
4170,2305.72
4171,1895.22
4172,2398.33
4173,1600.79
4174,1519.93
4175,1474.27
4176,1364.84
4177,1856.32
4178,1841.2
4179,2232.71
4180,1585.26
4181,1722.82
4182,1931.43
4183,1527.12
4184,2047.42
4185,1448.14
4186,1568.41
4187,2372.47
4188,1522.96
4189,2045.09
4190,1652.04
4191,2160.13
4192,1568.69
4193,1493.07
4194,1814.7
4195,1782.73
4196,1551.82
4197,1582.2
4198,1425.43
4199,1882.94
4200,1382.69
4201,2189.49
4202,1661.02
4203,2196.06
4204,2486.82
4205,2247.68
4206,2252.66
4207,2379.39
4208,1966.92
4209,1523.28
4210,2034.75
4211,1435.68
4212,1688.66
4213,1877.31
4214,1490.16
4215,2285.33
4216,1678.87
4217,1371.54
4218,1946.1
4219,1674.82
4220,1555.23
4221,1386.69
4222,2188.28
4223,1624.85
4224,1906.55
4225,1434.8
4226,1811.16
4227,1700.69
4228,1407.3
4229,1421.86
4230,2120.38
4231,1517.35
4232,2514.8
4233,2192.85
4234,1859.53
4235,1553.57
4236,2096.44
4237,1906.85
4238,1525.89
4239,1478.68
4240,1634.26
4241,1820.96
4242,1400.38
4243,1799.71
4244,2392.92
4245,1933.72
4246,2203.63
4247,1736.72
4248,1754.34
4249,1865.54
4250,1412.08
4251,1708.29
4252,1536.07
4253,2453.48
4254,1864.17
4255,2582.75
4256,1780.23
4257,1868.39
4258,1678.94
4259,2336.84
4260,2051.91
4261,1759.87
4262,1509.35
4263,1733.2
4264,1921.62
4265,1930.77
4266,1504.99
4267,1384.76
4268,1447.36
4269,1816.22
4270,1885.06
4271,1830.04
4272,2084.34
4273,1870.62
4274,1595.71
4275,2194.16
4276,1622.97
4277,2030.61
4278,1877.77
4279,1807.42
4280,2267.28
4281,1454.68
4282,1763.09
4283,1894.64
4284,1663.82
4285,1917.37
4286,1852.03
4287,1905.32
4288,1579.16
4289,1675.48
4290,1905.14
4291,1823.11
4292,2364.5
4293,1810.79
4294,1805.76
4295,2533.69
4296,1616.54
4297,1487.83
4298,1612.11
4299,1476.03
4300,1749.86
4301,1921.75
4302,1444.49
4303,1659.21
4304,1769.9
4305,2560.55
4306,1588.32
4307,1937.05
4308,1398.3
4309,1741.87
4310,2400.55
4311,1477.84
4312,1671.55
4313,1768.2
4314,1489.17
4315,1503.68
4316,2596.96
4317,2623.3
4318,1502.44
4319,1453.23
4320,1626.16
4321,1426.46
4322,1595.95
4323,2122.14
4324,1774.61
4325,1748.04
4326,1577.08
4327,1877.42
4328,1933.77
4329,1622.09
4330,1645.32
4331,1677.49
4332,1818.71
4333,2550.43
4334,1411.67
4335,2379.49
4336,1558.2
4337,1451.9
4338,1811.97
4339,1463.14
4340,1452.21
4341,1597.69
4342,1724.69
4343,1426.42
4344,1759.68
4345,2177.67
4346,1853.09
4347,1456.79
4348,2432.63
4349,1460.34
4350,1526.71
4351,1479.92
4352,1706.35
4353,1561.94
4354,2365.87
4355,2504.55
4356,2555.3
4357,1918.75
4358,1519.89
4359,1949.05
4360,1822.21
4361,1403.59
4362,1400.42
4363,1793.39
4364,1895.21
4365,1456.11
4366,1565.06
4367,1978.95
4368,2206.38
4369,1608.26
4370,1860.44
4371,1553.03
4372,1557.62
4373,1837.02
4374,1813.76
4375,2496.65
4376,1647.39
4377,1379.16
4378,1430.2
4379,1649.13
4380,1499.39
4381,1398.94
4382,2009.15
4383,1792.64
4384,1451.87
4385,1540.76
4386,1796.46
4387,2543.25
4388,2195.99
4389,1632.31
4390,2149.35
4391,1907.09
4392,2442.35
4393,1514.93
4394,1394.23
4395,1490.01
4396,1761.42
4397,1601.13
4398,1758.87
4399,1538.82
4400,1456.19
4401,1856.88
4402,1950.1
4403,1692.58
4404,1700.27
4405,1772.15
4406,2070.91
4407,1468.4
4408,1780.23
4409,2287.72
4410,1621.44
